-- phpMyAdmin SQL Dump
-- version 4.7.3
-- https://www.phpmyadmin.net/
--
-- Host: localhost:3306
-- Generation Time: Feb 08, 2018 at 07:49 AM
-- Server version: 5.6.35
-- PHP Version: 7.1.8

SET SQL_MODE = "NO_AUTO_VALUE_ON_ZERO";
SET time_zone = "+00:00";


/*!40101 SET @OLD_CHARACTER_SET_CLIENT=@@CHARACTER_SET_CLIENT */;
/*!40101 SET @OLD_CHARACTER_SET_RESULTS=@@CHARACTER_SET_RESULTS */;
/*!40101 SET @OLD_COLLATION_CONNECTION=@@COLLATION_CONNECTION */;
/*!40101 SET NAMES utf8mb4 */;

--
-- Database: `promotions_engine`
--

-- --------------------------------------------------------

--
-- Table structure for table `articles`
--

CREATE TABLE `articles` (
  `id` int(10) UNSIGNED NOT NULL,
  `slug` varchar(255) COLLATE utf8_unicode_ci NOT NULL,
  `title` varchar(255) COLLATE utf8_unicode_ci NOT NULL,
  `description` text COLLATE utf8_unicode_ci NOT NULL,
  `body` text COLLATE utf8_unicode_ci NOT NULL,
  `user_id` int(10) UNSIGNED NOT NULL,
  `created_at` timestamp NULL DEFAULT NULL,
  `updated_at` timestamp NULL DEFAULT NULL
) ENGINE=InnoDB DEFAULT CHARSET=utf8 COLLATE=utf8_unicode_ci;

--
-- Dumping data for table `articles`
--

INSERT INTO `articles` (`id`, `slug`, `title`, `description`, `body`, `user_id`, `created_at`, `updated_at`) VALUES
(1, 'ut-eum-et-accusantium-ipsam-et-voluptatibus', 'Ut eum et accusantium ipsam et voluptatibus.', 'Illo ducimus ex molestiae est ea est occaecati. Vero ut nobis id minima facere provident nisi corrupti. Illo non aperiam aliquam autem earum. Et quod dolores deserunt cum.', 'Quis sit aliquam sit iusto. Enim voluptatem et recusandae. Nihil velit illo reiciendis aspernatur rerum doloremque corporis temporibus.\n\nTempora quae amet fugiat consectetur. Sunt maxime omnis non aliquid molestiae. Veritatis occaecati natus in suscipit. Assumenda et ullam harum in numquam neque.\n\nArchitecto temporibus debitis natus vero nihil sed alias. Quo odit eligendi quas fugit vitae tempore dolore. Ut magni non autem sed temporibus facilis nobis non.', 1, '2018-02-06 02:12:47', '2018-02-06 02:12:47'),
(2, 'nesciunt-sequi-explicabo-possimus-cumque-ut', 'Nesciunt sequi explicabo possimus cumque ut.', 'Aspernatur non ut et at architecto. Qui dicta corrupti autem provident consequatur. Vero sit a tempore doloribus exercitationem qui. In cum itaque sunt consequatur et.', 'Accusantium est atque ipsa sint laboriosam a. Aut sint in est quam quidem delectus. Nesciunt est sit earum quasi reiciendis temporibus blanditiis. Velit iure dolores esse aut.\n\nEos nemo in est culpa aperiam ut. Voluptatem sunt aperiam voluptatem aut accusantium neque quam. Ullam autem illum recusandae perspiciatis ex sint id commodi. Nemo aut quia dolores nemo qui nesciunt.\n\nNihil consequatur magni laudantium blanditiis. Eos numquam dolor beatae non enim. Consequatur corporis odio nihil ut.', 2, '2018-02-06 02:12:47', '2018-02-06 02:12:47'),
(3, 'fugit-eum-illo-enim-quis-vel', 'Fugit eum illo enim quis vel.', 'Repudiandae dolore repudiandae et corrupti. Laborum eaque dolorem blanditiis autem ea. Repellat ut ullam enim animi ut delectus. Consequatur hic totam similique fugit omnis eum.', 'Voluptates molestiae tenetur aut illum voluptatem quis nihil. Dolore recusandae qui omnis nulla est blanditiis omnis. Sit accusamus necessitatibus dolore eaque autem omnis. Facilis enim in ratione iusto.\n\nNon dolorum in facere saepe omnis soluta dolores. Voluptates quia quae officia. Quia in sed incidunt explicabo veniam neque autem dignissimos. Libero iure nemo tempora laudantium libero quo delectus in.\n\nReprehenderit iusto atque enim libero nesciunt. Quas est alias magnam eaque non voluptatem.', 3, '2018-02-06 02:12:47', '2018-02-06 02:12:47'),
(4, 'error-sed-non-incidunt-corrupti', 'Error sed non incidunt corrupti.', 'Possimus voluptates quia cupiditate expedita voluptas. Et totam provident beatae voluptatem. Earum non voluptatum et excepturi tempora omnis pariatur. Sint recusandae maxime ea non.', 'Quia quia nihil aliquam ad debitis nihil sunt temporibus. Quo placeat quis velit quaerat. Eum cumque rerum qui est consequuntur. Cupiditate incidunt sunt ab adipisci.\n\nVoluptas ipsam quisquam quidem. Est libero commodi deleniti adipisci quidem rem consequuntur nostrum. Vel vel voluptate error. Reiciendis atque sapiente voluptates quia enim hic sed.\n\nNihil eum aut assumenda distinctio neque et culpa. Illum facere exercitationem rem id amet inventore. Assumenda est vero laborum accusamus quia aspernatur.', 3, '2018-02-06 02:12:47', '2018-02-06 02:12:47'),
(5, 'facilis-et-iure-facere-tempora-illum-qui-et', 'Facilis et iure facere tempora illum qui et.', 'Assumenda animi praesentium nisi nemo esse. Dolor hic aperiam nulla debitis. Eaque consequuntur laboriosam dignissimos quisquam. Ea cupiditate eos quisquam aspernatur at aut quis.', 'Culpa odit autem est tempore. Placeat provident voluptatum quia rem.\n\nAut et autem ipsam soluta iste aliquid itaque illum. Blanditiis voluptatem temporibus deserunt pariatur sapiente dignissimos. Ut minus qui maxime odit velit a.\n\nIusto facilis recusandae itaque et illum. Sed minus earum eius dolores impedit. Fugiat consequuntur aut aliquid quasi voluptatibus voluptatem. Sit nemo est similique molestias praesentium possimus eveniet. Nihil eum possimus dolorem eligendi.', 3, '2018-02-06 02:12:47', '2018-02-06 02:12:47'),
(6, 'nobis-autem-necessitatibus-voluptas-consequatur', 'Nobis autem necessitatibus voluptas consequatur.', 'Cum labore aut aut et voluptas. Minus optio in et id vero saepe et assumenda. Quas et id eos. Ut et sint beatae.', 'Mollitia natus qui eaque quam repudiandae officia ipsa. Minus omnis ut itaque sed neque dolore. Natus ut omnis repellendus rem ut aut perspiciatis dolore. Vitae nihil aut debitis ipsa nihil adipisci dolorem.\n\nFacilis non aut incidunt aut ad voluptate. Est soluta voluptatibus nihil laudantium dolor qui mollitia. Sit incidunt deserunt quidem. Harum non nihil voluptatem sunt nesciunt doloribus quisquam.\n\nQuaerat fugiat quibusdam distinctio ut voluptatem impedit. Rerum ut consequatur magnam ex facere. Neque aperiam et adipisci sit totam. Ut modi neque assumenda a ut.', 4, '2018-02-06 02:12:47', '2018-02-06 02:12:47'),
(7, 'eveniet-est-aut-alias-dignissimos-officiis-vitae', 'Eveniet est aut alias dignissimos officiis vitae.', 'Aut labore rerum suscipit iusto molestiae atque animi perspiciatis. Dolores itaque animi sed qui blanditiis ut temporibus. Iure eligendi qui veniam cupiditate.', 'Quia explicabo asperiores quas. Quia architecto sed mollitia quia soluta cumque. Asperiores aut ipsum ut a quis enim magni atque. Ea rerum sit tempore recusandae ea.\n\nSuscipit molestias nisi quia ex porro et quisquam. Qui fugit illum animi consequatur et nihil aut quos. Pariatur ipsum beatae recusandae voluptatem doloribus laudantium velit perferendis.\n\nNon eos omnis animi culpa. In eos eos magnam incidunt. Dolore tempora quae sit.', 4, '2018-02-06 02:12:47', '2018-02-06 02:12:47'),
(8, 'ducimus-id-laborum-dolorem-eaque-esse-aut-ut-iste', 'Ducimus id laborum dolorem eaque esse aut ut iste.', 'Ipsam praesentium laboriosam tempora quia amet deserunt. Molestias ullam neque exercitationem ut necessitatibus soluta non molestiae. Fugiat repudiandae distinctio corrupti blanditiis ad et velit. Incidunt dolores explicabo veniam vitae. Rerum et excepturi nihil impedit.', 'Vel repellat velit reiciendis aut. Rerum ut unde quisquam officiis. Consequuntur inventore accusamus quaerat et animi eaque rerum. Rerum sed maiores quia sint consequatur sit animi. Nihil est quos deleniti unde nam.\n\nVelit doloremque debitis quam. Pariatur soluta sint est dignissimos minima sit. Ipsum est quae ut sequi sint eos similique.\n\nVero illo ab enim ab quia. Fugiat autem voluptas dignissimos quaerat veniam. Molestias cupiditate et ut neque occaecati. Debitis ducimus cum consequatur sunt cumque consequatur nihil.', 4, '2018-02-06 02:12:47', '2018-02-06 02:12:47'),
(9, 'sed-et-non-assumenda-fugit-qui-itaque-libero', 'Sed et non assumenda fugit qui itaque libero.', 'Illo numquam velit eos. Est enim suscipit ut facilis consequatur nam ut. Ratione et quibusdam repellendus eveniet. Et vero quo voluptas ipsam amet voluptatem consequatur.', 'Consequuntur et ratione blanditiis autem neque impedit. Molestiae quaerat ea vitae nostrum assumenda voluptatum aut. Sit enim et assumenda facere et nesciunt.\n\nNulla non vel perferendis atque. Et enim molestias et. Minus alias sed atque et ullam enim alias.\n\nNumquam aliquid incidunt nisi est cumque eveniet. In accusantium fuga rerum assumenda inventore laudantium molestiae. Ratione maiores dolor qui aut.', 4, '2018-02-06 02:12:47', '2018-02-06 02:12:47'),
(10, 'mollitia-consequatur-est-nihil-provident', 'Mollitia consequatur est nihil provident.', 'Corrupti animi ea harum et vero perspiciatis dolorem. Dolores pariatur consectetur cumque porro voluptas sequi totam. Rerum eos et quia ipsam. Atque cupiditate ex quia explicabo rerum molestiae.', 'Ex quaerat numquam consequatur et. Quod qui sunt et qui vero magni. Quis perspiciatis repellat excepturi. Similique nam vero neque aut itaque.\n\nMollitia autem dolor consectetur voluptas id modi tempore. Cupiditate quas ratione sapiente ut delectus. In est sapiente enim ipsum qui eaque. Omnis corrupti id quis hic doloremque qui nihil.\n\nEveniet consequatur qui quos ea id. Sit odio non deserunt vel natus ipsa dolorem.', 6, '2018-02-06 02:12:47', '2018-02-06 02:12:47'),
(11, 'rerum-incidunt-illum-quia-id-quaerat', 'Rerum incidunt illum quia id quaerat.', 'Et reprehenderit occaecati non enim et dolores quis. Corrupti laborum nihil eum est aperiam ut. Aut et consequatur ut ipsa rerum illum animi. Dolores rerum sit et ullam laboriosam nostrum.', 'Sit consequuntur ut totam delectus. Et repellendus autem corporis qui. Exercitationem officiis quia laboriosam rerum. Tenetur rerum incidunt odit nobis non rerum est.\n\nLaborum reprehenderit rerum a repellendus voluptate. Vitae debitis eaque pariatur aut dolor. Omnis consequuntur odio velit harum earum. Qui sunt nemo dolore autem placeat.\n\nVel sint non et incidunt. Esse pariatur sit enim veritatis dicta dolor. Nihil aliquid facere ratione in. Nisi praesentium quia repellendus maxime excepturi laborum est sed.', 6, '2018-02-06 02:12:47', '2018-02-06 02:12:47'),
(12, 'ea-quas-qui-explicabo-hic-voluptatem', 'Ea quas qui explicabo hic voluptatem.', 'Maxime est in omnis doloremque atque. Et dolores saepe laboriosam harum voluptas qui excepturi at.', 'Maiores est nam facere repellendus. Assumenda provident dicta blanditiis id. Possimus rerum ea eaque earum quia officia consequuntur.\n\nMolestiae dolores cumque aliquid ducimus omnis corrupti repellat. Quas earum officia molestias inventore repellat. Sint placeat ipsa nihil excepturi.\n\nOfficiis dolorem sequi ullam at voluptatibus aut eius. Non eos voluptas amet autem. Autem aspernatur nihil sit similique quia voluptatibus.', 7, '2018-02-06 02:12:47', '2018-02-06 02:12:47'),
(13, 'eius-et-non-asperiores-necessitatibus-unde-qui', 'Eius et non asperiores necessitatibus unde qui.', 'Ut dicta dolores rerum repellat est. Tempora et alias ut quia perferendis praesentium. Maiores libero tenetur dolorem repudiandae est at repellendus officiis. Exercitationem fuga odio vel quidem labore provident natus.', 'A nihil temporibus consequatur maiores officia. Consequatur perspiciatis voluptatem ut sit. Est est veniam et dolor occaecati.\n\nOfficiis reprehenderit accusantium eligendi dolor ut. Dolor ullam non fugiat quia eum. Hic dolorum animi alias id blanditiis.\n\nDolor quos maxime aliquam eius nihil at facere. Corrupti sequi architecto eius id nulla et et aut. Non ipsum praesentium numquam id ea sunt. Ut nihil repellendus maxime esse veritatis laboriosam est.', 7, '2018-02-06 02:12:47', '2018-02-06 02:12:47'),
(14, 'aperiam-occaecati-non-illum-ipsa-aut-sit-adipisci-omnis', 'Aperiam occaecati non illum ipsa aut sit adipisci omnis.', 'Laudantium quasi fuga ut quisquam et dolores voluptate aut. Dolor vero quos et excepturi aut. Alias quod consequatur sapiente et dolores eveniet quos in. Ipsum saepe consequatur est rerum.', 'Quam dignissimos aut adipisci porro ex. Autem odit occaecati eum labore cum eveniet. Earum dolorum qui voluptas sint necessitatibus ut sit.\n\nLaborum mollitia repellat autem libero velit est labore. Nostrum unde quia quae perspiciatis qui.\n\nEos explicabo voluptate ea quisquam cum maiores. Dolor et neque doloribus voluptatem eos exercitationem id. Enim laborum quae consequatur.', 9, '2018-02-06 02:12:47', '2018-02-06 02:12:47'),
(15, 'repudiandae-facere-esse-qui-in-quidem-tempore', 'Repudiandae facere esse qui in quidem tempore.', 'Repellendus voluptatem magni neque. Illo vel non eos provident et. Eos praesentium occaecati rerum et. Vel deleniti explicabo et eos esse.', 'Id nihil similique est sapiente ut. Neque delectus minima sit omnis tempora rem. Alias eius minima placeat sed neque in. Repudiandae qui quisquam ut iste error ipsam.\n\nEos exercitationem debitis id veniam. Illo similique consequatur recusandae voluptatem magnam.\n\nUt corrupti tenetur possimus est. Animi dolores perferendis a officia. Quas fugit nobis voluptatibus sed consequatur possimus.', 9, '2018-02-06 02:12:47', '2018-02-06 02:12:47'),
(16, 'vero-quos-sint-earum-dolores-praesentium-aut-quo-illo', 'Vero quos sint earum dolores praesentium aut quo illo.', 'Est iste repellendus autem dolor. Aut beatae incidunt deleniti repellat vitae consequuntur consequatur eos. Cupiditate quia iusto aut aliquid illo.', 'Assumenda cupiditate voluptate nisi. Architecto optio doloribus ut vero excepturi est. Occaecati quibusdam laborum repellat excepturi. Et molestias reiciendis deserunt sit blanditiis officia.\n\nEos sint non omnis quo. Hic temporibus provident doloremque. Occaecati voluptatem libero aut cumque assumenda animi dolor. Ea tenetur minima dolorum.\n\nSed id id saepe ducimus asperiores est praesentium. Consequatur et eius veritatis sunt dolore. Adipisci illum est ullam fugit cum dolores perferendis. Et itaque perspiciatis dolor ut.', 9, '2018-02-06 02:12:47', '2018-02-06 02:12:47'),
(17, 'et-ea-itaque-ab-tempora-assumenda', 'Et ea itaque ab tempora assumenda.', 'Est sunt voluptas quo quaerat nostrum corrupti. Est fugit non dolor amet ab molestias est. Sed ab sunt id.', 'Vitae quae occaecati fugiat iusto sed aspernatur. Itaque sit et eos et cum est impedit. Soluta quidem doloremque voluptatibus quia doloribus delectus.\n\nPorro facilis explicabo nemo quis et aspernatur eius. Sit ipsa alias qui vero quo officia eaque.\n\nConsequatur maiores voluptate aut error minima. Saepe animi deserunt totam non ut omnis. Perspiciatis rerum ut eos placeat tenetur aliquid.', 9, '2018-02-06 02:12:47', '2018-02-06 02:12:47'),
(18, 'esse-modi-pariatur-quae-nostrum', 'Esse modi pariatur quae nostrum.', 'Nihil alias sint et ut. Ea inventore quo ipsam. Alias repellendus voluptas assumenda. Harum voluptas dicta blanditiis quidem neque facere ut et.', 'Quas eaque et ex asperiores. Veritatis facere autem libero facilis quia neque. Odio velit vel et autem quasi laboriosam perferendis.\n\nNihil dolor distinctio quae autem consequuntur quia. Repellendus minus et quis temporibus nihil fugit dolorum. Quibusdam atque deleniti ut.\n\nRepellat fugit rerum eos quisquam. Delectus consequatur tempora earum excepturi. Beatae vel earum aut sint perferendis. Alias quia id perferendis quidem veniam accusantium qui. Ut eveniet neque ut est explicabo incidunt.', 10, '2018-02-06 02:12:47', '2018-02-06 02:12:47'),
(19, 'minus-facilis-iste-tenetur-magni', 'Minus facilis iste tenetur magni.', 'Sint nesciunt adipisci accusamus sed exercitationem incidunt. Vel eligendi id eos at et. Repellat accusamus modi maiores voluptas quisquam atque mollitia enim. Et mollitia velit autem voluptatem quia.', 'Quisquam placeat nisi culpa sint voluptatibus. Natus unde commodi nihil ut aperiam rerum libero. Magnam est iure quia odio.\n\nFacere voluptatem est aut pariatur blanditiis sequi nam. Omnis quis mollitia voluptatem officiis repudiandae molestiae. Ut quo voluptas quia cumque possimus a qui.\n\nAlias expedita veniam eos cumque. Reiciendis sit voluptas qui eligendi. Ut optio ab illo distinctio. Quis rem qui quo voluptates facere illum beatae.', 10, '2018-02-06 02:12:47', '2018-02-06 02:12:47'),
(20, 'itaque-voluptatum-ab-quidem', 'Itaque voluptatum ab quidem.', 'Laboriosam quas reiciendis fuga ut iure sit. Minima maxime excepturi sit provident ut voluptatem. Voluptate exercitationem reprehenderit ab repudiandae eligendi aut. Et autem fugit id dolorem.', 'Qui dolor et odit est dolorem esse labore voluptatem. Animi rerum facere qui sunt quo eos harum in. Nihil commodi nesciunt expedita et.\n\nTempora voluptatum nemo molestiae qui eos non maiores. Fuga numquam sapiente quisquam illum tempore nisi. Deleniti debitis occaecati aliquam fuga. Est officia sint eaque quis.\n\nAut fugit et pariatur tempora voluptatibus aut. Laboriosam aut non mollitia officia sed hic fuga. In vitae et occaecati expedita et autem. Et illo consequatur ad voluptas.', 10, '2018-02-06 02:12:47', '2018-02-06 02:12:47'),
(21, 'exercitationem-eum-aliquam-voluptatem-alias-deleniti', 'Exercitationem eum aliquam voluptatem alias deleniti.', 'Ea illum numquam voluptas dolor et eos. Sit sit iusto necessitatibus voluptatem quasi. Vero aut fugiat eum assumenda voluptatem velit. Animi sit ut quis quo eum officiis.', 'Natus vitae velit nihil aspernatur commodi unde. Nobis dolorem delectus sed aut. Vero sed omnis minima consequuntur voluptatem quaerat. Minima sint error ut consequatur in quia harum.\n\nVoluptas quia commodi mollitia. Consequatur voluptate molestiae architecto est. Quia iste aut sed non modi provident et facilis. Eius non eveniet non.\n\nOmnis necessitatibus facere voluptatem molestiae aliquam molestiae porro. Reiciendis nihil rerum maxime corporis. Illum nihil amet voluptatem atque enim quia ipsa ab.', 10, '2018-02-06 02:12:47', '2018-02-06 02:12:47'),
(22, 'aliquid-magnam-amet-molestiae-molestiae-perspiciatis-quo-modi-voluptatem', 'Aliquid magnam amet molestiae molestiae perspiciatis quo modi voluptatem.', 'Reiciendis eos qui sunt tempore. Consequuntur est molestiae blanditiis aut exercitationem ducimus nihil sit. Ullam id sint vel temporibus quia incidunt. Dolor facere animi atque quod deserunt quidem.', 'Excepturi iste sapiente sed sed rerum ut delectus assumenda. Et accusamus quia voluptatem aliquid repellendus adipisci. Voluptas voluptatum quibusdam adipisci labore autem necessitatibus.\n\nUllam magni labore voluptas perspiciatis ipsam. Consequatur quia ut unde sunt sed est. Itaque velit sapiente atque aut.\n\nTempora sit ipsa et harum est. Sit dicta debitis cumque quo quos provident dolore. Ab tenetur quo tempore officia dicta non illum.', 11, '2018-02-06 02:12:47', '2018-02-06 02:12:47'),
(23, 'dolorum-est-nostrum-explicabo-animi-molestias-labore', 'Dolorum est nostrum explicabo animi molestias labore.', 'Voluptas rerum sed voluptatum vel quod qui non. Vero et accusamus laudantium beatae aut molestiae. Quia vel fuga consequatur quod officia tempora non recusandae. Eligendi rem quo et fugiat omnis aut et et.', 'Incidunt suscipit est aut eos dolores consequuntur dolorem. Sed et pariatur eos nemo. Quia fugiat sit facilis alias possimus. Molestiae veritatis ut et est.\n\nCorporis hic consequatur repellat non quaerat et. Tempora in explicabo ut reiciendis ut iure. Eligendi veniam tempore qui perspiciatis reiciendis quo. Quisquam est quia laudantium alias culpa aperiam cupiditate.\n\nPossimus ipsam corporis totam dolorum optio nostrum. Labore eius esse iure eveniet quia. Sed omnis aut reiciendis dignissimos.', 11, '2018-02-06 02:12:47', '2018-02-06 02:12:47'),
(24, 'corrupti-quos-quas-est', 'Corrupti quos quas est.', 'Placeat ipsum ipsa inventore et. Ipsa sapiente a ducimus repudiandae sit ad quos. Nostrum repellat a soluta. Nesciunt vel tempora animi aliquam veritatis qui porro.', 'Corrupti nemo labore recusandae voluptas molestias. Reprehenderit quibusdam ut aut voluptates consequatur. Dolorum iusto perferendis repellat non autem eum quisquam. Tempore officiis nemo fuga quasi.\n\nSequi facere quia vero dolorem in est ut impedit. Molestiae nobis ea eligendi eum ipsam unde harum impedit. Saepe soluta consequatur aut ad et nisi.\n\nIncidunt dignissimos voluptatem quia. Fuga illo expedita fugiat officia aut aut qui. Autem eaque saepe qui dignissimos. Est aut id voluptate delectus explicabo voluptas rerum.', 11, '2018-02-06 02:12:47', '2018-02-06 02:12:47'),
(25, 'fugiat-qui-numquam-natus', 'Fugiat qui numquam natus.', 'Explicabo laudantium voluptas quo magni odio. Voluptas nemo adipisci eligendi debitis dignissimos perferendis. Suscipit perspiciatis repellat maxime harum cupiditate eos. Placeat neque eaque dolorum eveniet totam rerum.', 'Provident fugiat exercitationem architecto necessitatibus. Doloribus et consequuntur voluptatem consequatur quibusdam est cum. Sed nemo voluptatem dolor ut consequatur voluptatum placeat placeat.\n\nQuis autem numquam molestiae at. Fugiat voluptas dolor saepe est doloribus odit qui. Ducimus quam consequuntur consequatur rerum enim numquam.\n\nMinima porro repellat id aut et dicta. Sit sapiente itaque aliquam corrupti.', 12, '2018-02-06 02:12:47', '2018-02-06 02:12:47'),
(26, 'deleniti-corporis-molestiae-corrupti-temporibus-quo', 'Deleniti corporis molestiae corrupti temporibus quo.', 'Est autem magni qui similique. Est deleniti et quia aut voluptate adipisci officia ab. Earum qui autem rerum est iure velit enim dolores. Et ducimus ullam ut.', 'Sit et voluptas ut ipsa consequatur. Et ipsum voluptas facere aliquid odit. Ea sit alias ullam dicta ex sunt error. Qui nemo eligendi quas similique voluptas.\n\nSit placeat distinctio ut vel. Animi quisquam harum excepturi excepturi. Quo ex ex libero ab quos.\n\nQui possimus distinctio reprehenderit quia vel excepturi quo. Id repellendus harum officia delectus. Deserunt atque ad qui iusto. Sed optio dolor at commodi odit et ad.', 12, '2018-02-06 02:12:47', '2018-02-06 02:12:47'),
(27, 'voluptates-omnis-natus-alias-consectetur-quae-praesentium', 'Voluptates omnis natus alias consectetur quae praesentium.', 'Quisquam tempore a voluptatum. Reprehenderit quia animi illum quis voluptatibus. Nisi deserunt et minus quia velit. Dolorem impedit sed tempore perspiciatis.', 'Rerum possimus qui quia pariatur perspiciatis optio. Nihil nemo repudiandae nobis qui iste. Sequi est voluptatum voluptas rerum.\n\nFugiat ea reiciendis consequatur in. Dolore voluptas sit et amet sit nesciunt. Dolor saepe nihil voluptas.\n\nConsequuntur temporibus omnis id. Odio non quo unde consectetur illum est eveniet. Perspiciatis tempore blanditiis voluptatem minus delectus natus velit animi.', 12, '2018-02-06 02:12:47', '2018-02-06 02:12:47'),
(28, 'quo-accusantium-occaecati-praesentium-consequatur-labore-esse-placeat', 'Quo accusantium occaecati praesentium consequatur labore esse placeat.', 'Et sit dicta quia omnis occaecati. Et repellendus quam fugit porro. Fuga commodi optio consequatur minima repudiandae accusamus voluptate. Labore tempore maiores eos.', 'Aliquam aliquid odio minima et. Quidem et illo ut vel molestiae quam. Sit corrupti quod ut. Sapiente quo quis corrupti nemo.\n\nAperiam distinctio distinctio sed commodi impedit numquam consequuntur. Qui aperiam placeat recusandae culpa. Architecto repellendus consequatur ducimus perferendis est quidem facere quia.\n\nDistinctio quia non mollitia quisquam modi maiores nostrum qui. Aut quasi aliquam quo. Dicta non autem sequi voluptatem quod quo distinctio dolores. Autem ducimus iste necessitatibus.', 12, '2018-02-06 02:12:47', '2018-02-06 02:12:47'),
(29, 'autem-dicta-aperiam-aliquam-quia', 'Autem dicta aperiam aliquam quia.', 'Quo voluptas eius labore ullam. Consectetur ipsum exercitationem odio facilis quia praesentium aut. Aliquam corrupti harum qui quidem consequatur numquam.', 'Voluptatibus saepe odit laudantium enim officia aut. Aut sit sit facilis. Quia modi molestiae dolorem et dolore nihil dolorem quo.\n\nDeleniti praesentium commodi ex error ipsa. Sed aut adipisci eaque. Explicabo cupiditate ea perferendis tempora enim consequatur. Qui quidem velit voluptatem dolorum.\n\nSed quaerat ut totam ducimus nulla in. Dolorem harum voluptatem repellat ut repellat. Sed aut quos aut odio aut quam. Incidunt deleniti placeat vel animi.', 14, '2018-02-06 02:12:47', '2018-02-06 02:12:47'),
(30, 'eum-cumque-aut-quia-et-neque-sed-delectus', 'Eum cumque aut quia et neque sed delectus.', 'Suscipit nisi voluptas nobis voluptas expedita. Id quod sit reiciendis modi. Tempore possimus labore tempore nisi repellat ipsam est aspernatur. Alias alias illum delectus magnam.', 'Quidem et dolores dolorem quas. Similique veritatis amet eaque aut repudiandae. Sit dolores vel ratione nihil ad.\n\nSequi dolorum minus hic quis earum. Eum reiciendis sit quibusdam vel repudiandae enim aut. Minus esse fugiat non. Quia repudiandae dignissimos illo debitis amet.\n\nEum tenetur ipsa quia fugit. Pariatur et culpa voluptatem ut. Beatae odit aut eveniet rerum officia id.', 14, '2018-02-06 02:12:47', '2018-02-06 02:12:47'),
(31, 'rerum-dolorum-ipsam-mollitia-minus-et', 'Rerum dolorum ipsam mollitia minus et.', 'Fugiat numquam fugit nulla sunt inventore. Qui dignissimos in fugit quis. Quia ipsam et et eaque accusamus.', 'Ad doloribus eum libero explicabo quaerat sunt id. Neque impedit expedita error sint necessitatibus. Dolore fugit sed placeat. Iste ducimus rem et nesciunt eaque.\n\nNostrum nobis voluptatibus necessitatibus recusandae. Ipsam sunt alias accusantium. Commodi voluptas sed enim velit unde nam hic. Quia fuga dignissimos laudantium occaecati animi vel eum.\n\nIpsam sapiente quia et perferendis veniam consequatur labore. Earum ut quia quas officiis voluptas et. Dolores aut et sint sed assumenda suscipit voluptatem qui. Autem et veritatis cum tempore earum minima aut.', 14, '2018-02-06 02:12:47', '2018-02-06 02:12:47'),
(32, 'id-officiis-placeat-vel-et-et-impedit', 'Id officiis placeat vel et et impedit.', 'Ut et porro maiores facere quia asperiores commodi. Saepe voluptatibus ut accusantium beatae eveniet. Animi vitae est occaecati veniam. Consequatur labore labore dolorem aspernatur ut ipsam.', 'Dolores sit nam magni cum. Ipsam voluptas magni cupiditate officiis dignissimos qui sed eius. Animi est nihil consectetur iusto quam. Nobis commodi veritatis laboriosam nihil et.\n\nRepellat in et sed dolor eos. Et vero accusantium nemo impedit nihil temporibus et. Iusto excepturi quam dolor voluptatem.\n\nEa facere eos sed vel eveniet eaque. Et est ipsam aut et. Saepe minus molestiae suscipit commodi ratione iste.', 14, '2018-02-06 02:12:47', '2018-02-06 02:12:47'),
(33, 'dolorem-possimus-nobis-sapiente', 'Dolorem possimus nobis sapiente.', 'Qui cum officia ab iusto nobis fuga. Dolores quidem ipsa voluptas dicta et voluptatibus. Vel perferendis voluptas temporibus delectus. Dicta molestiae vero neque in quia aspernatur labore dolor.', 'Quis quis incidunt saepe laboriosam voluptas. Doloremque magnam et qui ut distinctio. Hic nobis dolores libero tempore possimus provident magni.\n\nCorrupti qui rerum beatae ut maiores est eveniet. Et est maxime fugit alias vel. Et repudiandae architecto cumque reprehenderit. Fuga officiis numquam sapiente consectetur placeat.\n\nOmnis veritatis expedita quia autem voluptas debitis. Pariatur tempore qui perspiciatis. Amet qui iusto ut sunt enim eum corrupti. Rerum numquam nobis nihil minima quod sit consequatur recusandae.', 14, '2018-02-06 02:12:47', '2018-02-06 02:12:47'),
(34, 'dolores-minus-ad-a-corporis-atque-mollitia-sint', 'Dolores minus ad a corporis atque mollitia sint.', 'Incidunt tenetur enim quae quia ea illo esse. Ipsam enim illo suscipit ratione exercitationem placeat. Illo aperiam ducimus provident. Earum quo soluta doloremque consequatur.', 'Velit voluptas qui quia incidunt ut ipsa. Autem omnis rem suscipit. Consequuntur ipsum laudantium vel. Asperiores quia totam perferendis.\n\nVoluptas qui voluptatem vitae sed. Harum et molestias odit odio labore dignissimos cum aut. Sit dignissimos quae officia repellendus explicabo autem.\n\nAspernatur cumque unde facere officia enim nesciunt aut. Porro unde cupiditate iste eius. Fuga et commodi aut velit voluptatum. Voluptatem et omnis incidunt cum.', 15, '2018-02-06 02:12:47', '2018-02-06 02:12:47'),
(35, 'magni-quas-ullam-voluptas-exercitationem-aut-quod-repudiandae-similique', 'Magni quas ullam voluptas exercitationem aut quod repudiandae similique.', 'Est perspiciatis minus quia et nihil. Id quo qui nostrum error. Eveniet ut sint velit nihil consequatur enim ducimus expedita. Aspernatur delectus optio at voluptate adipisci.', 'Ut aperiam qui esse sint sed. Exercitationem aliquid quidem explicabo soluta quaerat sapiente. Fuga vitae dolor accusantium sint ullam porro dolore non.\n\nDistinctio debitis est quibusdam. Et tenetur nemo temporibus repudiandae ut quisquam consectetur. Eum omnis officiis non nostrum voluptas similique eaque.\n\nUt vitae dolorem at quibusdam molestias distinctio ea. Rem eum accusantium voluptatem consequatur. Repellendus odio debitis quibusdam consectetur aut autem. Voluptas quis qui consequuntur sint veritatis.', 15, '2018-02-06 02:12:47', '2018-02-06 02:12:47'),
(36, 'ut-est-qui-dolorum-illo', 'Ut est qui dolorum illo.', 'Culpa quisquam dolorem ea ipsam sit. Sed sed ratione facilis repellendus.', 'Sit odit veniam earum est et voluptas ipsam. Sint soluta eligendi minus velit velit nam voluptate. Ut cumque distinctio nulla dignissimos veniam est nemo et. Earum hic at ullam eligendi aut vero.\n\nQuis deserunt pariatur quia tenetur sit sit voluptatem. Dolor eum veritatis sed aut velit repudiandae et iusto. Consequatur architecto delectus optio voluptas autem unde. Nemo ducimus magnam molestiae perspiciatis delectus.\n\nFacilis velit minima id molestiae ipsum eum veniam. Est qui minima architecto exercitationem. Voluptas reiciendis praesentium consequatur quae.', 16, '2018-02-06 02:12:47', '2018-02-06 02:12:47'),
(37, 'velit-quia-autem-eaque-adipisci-consequatur-aspernatur', 'Velit quia autem eaque adipisci consequatur aspernatur.', 'Dolor reprehenderit enim aliquid sapiente vel corporis a. Ea corrupti vitae sed. Qui corporis modi alias aliquid et nihil ut. Inventore ut dolorem facilis iure quae. Inventore labore consequuntur adipisci itaque.', 'In illo doloremque dolores consequatur. Perferendis voluptatem aut nemo et consequatur ea. Nobis dolores iusto non atque. Excepturi aut dicta est sed vitae.\n\nA provident debitis saepe facilis molestiae. Est ab aut rerum eum. Accusamus cupiditate laboriosam voluptatem minus placeat expedita.\n\nQuos et deserunt laboriosam nihil exercitationem. Consequatur molestiae numquam voluptatibus officiis est minima. Doloribus commodi necessitatibus enim quasi error nesciunt nulla. Officia quod voluptatem harum molestiae consequatur delectus.', 19, '2018-02-06 02:12:47', '2018-02-06 02:12:47'),
(38, 'dolores-unde-ducimus-deleniti-sed-optio-sint-libero', 'Dolores unde ducimus deleniti sed optio sint libero.', 'Et dolores ab non nisi autem. Modi consequatur consequatur unde molestiae et nobis eligendi dolores. Ut et molestiae excepturi aut est saepe. Voluptas nostrum hic maiores vero in aut minima et.', 'Voluptate ea rerum reiciendis odio. Corrupti consequatur expedita molestiae dolorum assumenda quia. Accusantium ducimus esse in porro enim.\n\nAtque quidem ex eveniet facilis. Voluptatibus repudiandae voluptas sint dicta. Eos esse omnis ducimus omnis rem eos voluptatem.\n\nConsequuntur vitae et aut sunt rem dolorem. Et et autem beatae. Et non cupiditate harum culpa eius magnam. Ullam quisquam natus voluptas non dolorem optio placeat.', 19, '2018-02-06 02:12:47', '2018-02-06 02:12:47'),
(39, 'eligendi-sed-animi-voluptatum-modi-fugit-cum-est-repudiandae', 'Eligendi sed animi voluptatum modi fugit cum est repudiandae.', 'Illo et eius ad vel consequatur praesentium non. Et commodi fuga voluptas illo ut vel. Sit explicabo sapiente non dolores.', 'Alias quia amet provident dolores unde est incidunt. Corporis et culpa eum labore. Cupiditate tempore quia aut delectus voluptatem aut.\n\nQuis quia aut nulla officiis incidunt cum voluptatem. Unde possimus consequatur excepturi animi nulla. Voluptatem porro itaque fugiat nesciunt animi. Quibusdam sint autem in natus deserunt cumque.\n\nNeque ipsam minus exercitationem nostrum deserunt id. Minus repellendus suscipit optio dolores rerum. Voluptate dolorem quis sint accusantium provident mollitia.', 19, '2018-02-06 02:12:47', '2018-02-06 02:12:47'),
(40, 'mollitia-suscipit-tempore-quo', 'Mollitia suscipit tempore quo.', 'Omnis dolor totam temporibus et et voluptates. Et laboriosam ex qui omnis ut voluptates et.', 'Veritatis natus ipsum expedita quibusdam possimus. Voluptas est ex voluptas sequi eum iste cumque. Magnam et sit et in et animi et consequatur. Quisquam eius voluptate natus adipisci ut doloremque.\n\nAut voluptatem expedita quod consequatur perspiciatis. Inventore sapiente nobis inventore quam nihil id ad. Ad omnis sed ducimus.\n\nFugit aut quia laboriosam illo. Sapiente ut eos et tempore et quam. Aut at debitis consequatur praesentium odio et quam fuga.', 19, '2018-02-06 02:12:47', '2018-02-06 02:12:47'),
(41, 'sunt-magnam-explicabo-exercitationem-tempora-enim', 'Sunt magnam explicabo exercitationem tempora enim.', 'Maiores consequatur tempore soluta fuga voluptatum doloribus aut. Accusantium et est hic architecto. Excepturi ut eum praesentium sapiente suscipit fugiat.', 'Eveniet cupiditate cumque ea. Dignissimos consectetur minima repellendus nihil omnis ipsa. Corporis velit maxime voluptatem sit aliquam sapiente. Labore rerum illo nemo et aut sint.\n\nFugit excepturi repellendus ut doloribus saepe ea consequuntur. Et amet placeat et inventore praesentium. Sed aliquid occaecati corporis et eveniet.\n\nPraesentium voluptas sapiente voluptatem consequatur. Suscipit sapiente aut architecto exercitationem expedita.', 19, '2018-02-06 02:12:47', '2018-02-06 02:12:47'),
(42, 'dicta-cumque-dolor-ab-doloremque-nihil', 'Dicta cumque dolor ab doloremque nihil.', 'Non ipsa magnam aut reiciendis repudiandae omnis velit. Alias illo amet eos vero. Eum itaque temporibus sequi aperiam. Quisquam quam repellat temporibus voluptatem eius repudiandae voluptatem corrupti.', 'Culpa qui dignissimos quis mollitia minima dolor enim dolor. Laudantium et quia harum. Non rerum quis omnis.\n\nOdit nemo vitae et doloremque ullam voluptatem. Voluptas facilis rerum deleniti adipisci nam. Sed minima dolores eius et quis qui. Reiciendis est quo excepturi maiores similique minus repellat.\n\nVel molestias blanditiis consequatur consequuntur non. Saepe perferendis qui dolorum harum minus sequi. Id deleniti fuga debitis aut officiis dolore ducimus. Rem dignissimos autem numquam.', 20, '2018-02-06 02:12:47', '2018-02-06 02:12:47'),
(43, 'esse-accusantium-ratione-tenetur', 'Esse accusantium ratione tenetur.', 'Porro quia at voluptatem voluptatem qui. Tempora porro sapiente fugiat qui porro natus. Inventore dolores voluptas ducimus aut veritatis perspiciatis. Voluptas id eius facere quia. Amet et excepturi esse.', 'Voluptas temporibus quaerat sunt tempore architecto omnis quibusdam. Et mollitia quas esse commodi perspiciatis consequatur. Rerum debitis et sit.\n\nQuibusdam aut eveniet atque id rerum consequatur non. Qui quidem repellat est animi earum libero excepturi. Corporis aut dolores ducimus impedit dicta sit hic. Dolores voluptas sed reiciendis ab tenetur pariatur maiores.\n\nTemporibus aut aliquam voluptate neque. Dolores rerum at porro iste autem aliquam. Quia fuga tenetur enim sed rem consequatur exercitationem.', 20, '2018-02-06 02:12:47', '2018-02-06 02:12:47'),
(44, 'quidem-quasi-praesentium-omnis-ut-dolorum-consectetur-eaque-quo', 'Quidem quasi praesentium omnis ut dolorum consectetur eaque quo.', 'Qui omnis repellat fugiat est mollitia deserunt. Voluptatem quia iure dolor. Dolor quo quasi et harum nemo ut vero.', 'Facere dolor ratione tenetur. Blanditiis id corporis recusandae. Corrupti molestiae consequatur repellendus quas. Praesentium sunt voluptate est dolor. Eos iure et in est nisi.\n\nAccusamus saepe deleniti tempora deleniti ex nisi aut. Dolores voluptatem beatae et iusto debitis. Iure quia quidem aut eos. Ut suscipit qui dolore quia consequuntur est sint.\n\nQuisquam voluptatem assumenda hic fuga sit culpa officiis molestiae. Omnis delectus vitae aut cupiditate iure quisquam fugit voluptas. Ea expedita delectus sunt iste. Ea esse distinctio rerum quibusdam et animi numquam.', 20, '2018-02-06 02:12:47', '2018-02-06 02:12:47'),
(45, 'quam-ad-sequi-aliquam-magni-qui', 'Quam ad sequi aliquam magni qui.', 'Blanditiis velit et cum nam molestiae saepe commodi quaerat. Aut veritatis qui quo doloremque minima. Iste hic maxime qui. Praesentium voluptate cum laborum ab nesciunt cum.', 'Sunt ipsa et corporis fugiat esse. Natus aliquam magnam harum quas perferendis iure. Ut earum recusandae sint quas aperiam quia nostrum. Aperiam illum adipisci incidunt reprehenderit non sed.\n\nVoluptas ducimus facilis perferendis et eum. Recusandae quia omnis perferendis sequi dolorem. Voluptatum in impedit distinctio temporibus omnis.\n\nNon deleniti numquam at libero repellat pariatur vel. Eius et eligendi enim recusandae rerum ad unde. Consequatur ratione eaque laudantium ad qui quisquam.', 20, '2018-02-06 02:12:47', '2018-02-06 02:12:47'),
(46, 'tenetur-quia-id-id-ullam-voluptatem-aut-ut-quo', 'Tenetur quia id id ullam voluptatem aut ut quo.', 'Vel quam sed placeat sequi nemo quia ab. Voluptas a consequuntur ea blanditiis. Quasi quae sequi molestiae quia quia aut et soluta. Aspernatur corrupti debitis distinctio id aliquid et aspernatur.', 'Dicta recusandae neque fugit aut omnis in non. Rerum autem quibusdam temporibus facilis veritatis praesentium et. Et vitae et incidunt harum veritatis quia harum. Rerum laboriosam voluptas consectetur.\n\nQui alias illo dolores impedit dolore ipsa aperiam vel. Ipsam excepturi nesciunt error dolor ea quisquam. Magnam nemo sequi neque rerum fugit architecto. Dolores sunt quae consequatur quod atque.\n\nUt voluptatum facilis et quod numquam. Reprehenderit nobis saepe ut est autem error. Praesentium consequatur esse aut. Aliquam ut rerum et. Vel est rem est laborum quidem quia.', 20, '2018-02-06 02:12:47', '2018-02-06 02:12:47');

-- --------------------------------------------------------

--
-- Table structure for table `article_tag`
--

CREATE TABLE `article_tag` (
  `id` int(10) UNSIGNED NOT NULL,
  `article_id` int(10) UNSIGNED NOT NULL,
  `tag_id` int(10) UNSIGNED NOT NULL,
  `created_at` timestamp NULL DEFAULT NULL,
  `updated_at` timestamp NULL DEFAULT NULL
) ENGINE=InnoDB DEFAULT CHARSET=utf8 COLLATE=utf8_unicode_ci;

--
-- Dumping data for table `article_tag`
--

INSERT INTO `article_tag` (`id`, `article_id`, `tag_id`, `created_at`, `updated_at`) VALUES
(1, 1, 4, NULL, NULL),
(2, 1, 6, NULL, NULL),
(3, 1, 5, NULL, NULL),
(4, 1, 2, NULL, NULL),
(5, 1, 7, NULL, NULL),
(6, 1, 8, NULL, NULL),
(7, 1, 1, NULL, NULL),
(8, 1, 3, NULL, NULL),
(9, 2, 4, NULL, NULL),
(10, 2, 6, NULL, NULL),
(11, 2, 5, NULL, NULL),
(12, 2, 2, NULL, NULL),
(13, 2, 7, NULL, NULL),
(14, 2, 8, NULL, NULL),
(15, 2, 1, NULL, NULL),
(16, 2, 3, NULL, NULL),
(17, 3, 4, NULL, NULL),
(18, 3, 6, NULL, NULL),
(19, 3, 5, NULL, NULL),
(20, 3, 2, NULL, NULL),
(21, 3, 7, NULL, NULL),
(22, 3, 8, NULL, NULL),
(23, 3, 1, NULL, NULL),
(24, 3, 3, NULL, NULL),
(25, 4, 4, NULL, NULL),
(26, 4, 6, NULL, NULL),
(27, 4, 5, NULL, NULL),
(28, 4, 2, NULL, NULL),
(29, 4, 7, NULL, NULL),
(30, 4, 8, NULL, NULL),
(31, 4, 1, NULL, NULL),
(32, 4, 3, NULL, NULL),
(33, 5, 4, NULL, NULL),
(34, 5, 6, NULL, NULL),
(35, 5, 5, NULL, NULL),
(36, 5, 2, NULL, NULL),
(37, 5, 7, NULL, NULL),
(38, 5, 8, NULL, NULL),
(39, 5, 1, NULL, NULL),
(40, 5, 3, NULL, NULL),
(41, 6, 4, NULL, NULL),
(42, 6, 6, NULL, NULL),
(43, 6, 5, NULL, NULL),
(44, 6, 2, NULL, NULL),
(45, 6, 7, NULL, NULL),
(46, 6, 8, NULL, NULL),
(47, 6, 1, NULL, NULL),
(48, 6, 3, NULL, NULL),
(49, 7, 4, NULL, NULL),
(50, 7, 6, NULL, NULL),
(51, 7, 5, NULL, NULL),
(52, 7, 2, NULL, NULL),
(53, 7, 7, NULL, NULL),
(54, 7, 8, NULL, NULL),
(55, 7, 1, NULL, NULL),
(56, 7, 3, NULL, NULL),
(57, 8, 4, NULL, NULL),
(58, 8, 6, NULL, NULL),
(59, 8, 5, NULL, NULL),
(60, 8, 2, NULL, NULL),
(61, 8, 7, NULL, NULL),
(62, 8, 8, NULL, NULL),
(63, 8, 1, NULL, NULL),
(64, 8, 3, NULL, NULL),
(65, 9, 4, NULL, NULL),
(66, 9, 6, NULL, NULL),
(67, 9, 5, NULL, NULL),
(68, 9, 2, NULL, NULL),
(69, 9, 7, NULL, NULL),
(70, 9, 8, NULL, NULL),
(71, 9, 1, NULL, NULL),
(72, 9, 3, NULL, NULL),
(73, 10, 4, NULL, NULL),
(74, 10, 6, NULL, NULL),
(75, 10, 5, NULL, NULL),
(76, 10, 2, NULL, NULL),
(77, 10, 7, NULL, NULL),
(78, 10, 8, NULL, NULL),
(79, 10, 1, NULL, NULL),
(80, 10, 3, NULL, NULL),
(81, 11, 4, NULL, NULL),
(82, 11, 6, NULL, NULL),
(83, 11, 5, NULL, NULL),
(84, 11, 2, NULL, NULL),
(85, 11, 7, NULL, NULL),
(86, 11, 8, NULL, NULL),
(87, 11, 1, NULL, NULL),
(88, 11, 3, NULL, NULL),
(89, 12, 4, NULL, NULL),
(90, 12, 6, NULL, NULL),
(91, 12, 5, NULL, NULL),
(92, 12, 2, NULL, NULL),
(93, 12, 7, NULL, NULL),
(94, 12, 8, NULL, NULL),
(95, 12, 1, NULL, NULL),
(96, 12, 3, NULL, NULL),
(97, 13, 4, NULL, NULL),
(98, 13, 6, NULL, NULL),
(99, 13, 5, NULL, NULL),
(100, 13, 2, NULL, NULL),
(101, 13, 7, NULL, NULL),
(102, 13, 8, NULL, NULL),
(103, 13, 1, NULL, NULL),
(104, 13, 3, NULL, NULL),
(105, 14, 4, NULL, NULL),
(106, 14, 6, NULL, NULL),
(107, 14, 5, NULL, NULL),
(108, 14, 2, NULL, NULL),
(109, 14, 7, NULL, NULL),
(110, 14, 8, NULL, NULL),
(111, 14, 1, NULL, NULL),
(112, 14, 3, NULL, NULL),
(113, 15, 4, NULL, NULL),
(114, 15, 6, NULL, NULL),
(115, 15, 5, NULL, NULL),
(116, 15, 2, NULL, NULL),
(117, 15, 7, NULL, NULL),
(118, 15, 8, NULL, NULL),
(119, 15, 1, NULL, NULL),
(120, 15, 3, NULL, NULL),
(121, 16, 4, NULL, NULL),
(122, 16, 6, NULL, NULL),
(123, 16, 5, NULL, NULL),
(124, 16, 2, NULL, NULL),
(125, 16, 7, NULL, NULL),
(126, 16, 8, NULL, NULL),
(127, 16, 1, NULL, NULL),
(128, 16, 3, NULL, NULL),
(129, 17, 4, NULL, NULL),
(130, 17, 6, NULL, NULL),
(131, 17, 5, NULL, NULL),
(132, 17, 2, NULL, NULL),
(133, 17, 7, NULL, NULL),
(134, 17, 8, NULL, NULL),
(135, 17, 1, NULL, NULL),
(136, 17, 3, NULL, NULL),
(137, 18, 4, NULL, NULL),
(138, 18, 6, NULL, NULL),
(139, 18, 5, NULL, NULL),
(140, 18, 2, NULL, NULL),
(141, 18, 7, NULL, NULL),
(142, 18, 8, NULL, NULL),
(143, 18, 1, NULL, NULL),
(144, 18, 3, NULL, NULL),
(145, 19, 4, NULL, NULL),
(146, 19, 6, NULL, NULL),
(147, 19, 5, NULL, NULL),
(148, 19, 2, NULL, NULL),
(149, 19, 7, NULL, NULL),
(150, 19, 8, NULL, NULL),
(151, 19, 1, NULL, NULL),
(152, 19, 3, NULL, NULL),
(153, 20, 4, NULL, NULL),
(154, 20, 6, NULL, NULL),
(155, 20, 5, NULL, NULL),
(156, 20, 2, NULL, NULL),
(157, 20, 7, NULL, NULL),
(158, 20, 8, NULL, NULL),
(159, 20, 1, NULL, NULL),
(160, 20, 3, NULL, NULL),
(161, 21, 4, NULL, NULL),
(162, 21, 6, NULL, NULL),
(163, 21, 5, NULL, NULL),
(164, 21, 2, NULL, NULL),
(165, 21, 7, NULL, NULL),
(166, 21, 8, NULL, NULL),
(167, 21, 1, NULL, NULL),
(168, 21, 3, NULL, NULL),
(169, 22, 4, NULL, NULL),
(170, 22, 6, NULL, NULL),
(171, 22, 5, NULL, NULL),
(172, 22, 2, NULL, NULL),
(173, 22, 7, NULL, NULL),
(174, 22, 8, NULL, NULL),
(175, 22, 1, NULL, NULL),
(176, 22, 3, NULL, NULL),
(177, 23, 4, NULL, NULL),
(178, 23, 6, NULL, NULL),
(179, 23, 5, NULL, NULL),
(180, 23, 2, NULL, NULL),
(181, 23, 7, NULL, NULL),
(182, 23, 8, NULL, NULL),
(183, 23, 1, NULL, NULL),
(184, 23, 3, NULL, NULL),
(185, 24, 4, NULL, NULL),
(186, 24, 6, NULL, NULL),
(187, 24, 5, NULL, NULL),
(188, 24, 2, NULL, NULL),
(189, 24, 7, NULL, NULL),
(190, 24, 8, NULL, NULL),
(191, 24, 1, NULL, NULL),
(192, 24, 3, NULL, NULL),
(193, 25, 4, NULL, NULL),
(194, 25, 6, NULL, NULL),
(195, 25, 5, NULL, NULL),
(196, 25, 2, NULL, NULL),
(197, 25, 7, NULL, NULL),
(198, 25, 8, NULL, NULL),
(199, 25, 1, NULL, NULL),
(200, 25, 3, NULL, NULL),
(201, 26, 4, NULL, NULL),
(202, 26, 6, NULL, NULL),
(203, 26, 5, NULL, NULL),
(204, 26, 2, NULL, NULL),
(205, 26, 7, NULL, NULL),
(206, 26, 8, NULL, NULL),
(207, 26, 1, NULL, NULL),
(208, 26, 3, NULL, NULL),
(209, 27, 4, NULL, NULL),
(210, 27, 6, NULL, NULL),
(211, 27, 5, NULL, NULL),
(212, 27, 2, NULL, NULL),
(213, 27, 7, NULL, NULL),
(214, 27, 8, NULL, NULL),
(215, 27, 1, NULL, NULL),
(216, 27, 3, NULL, NULL),
(217, 28, 4, NULL, NULL),
(218, 28, 6, NULL, NULL),
(219, 28, 5, NULL, NULL),
(220, 28, 2, NULL, NULL),
(221, 28, 7, NULL, NULL),
(222, 28, 8, NULL, NULL),
(223, 28, 1, NULL, NULL),
(224, 28, 3, NULL, NULL),
(225, 29, 4, NULL, NULL),
(226, 29, 6, NULL, NULL),
(227, 29, 5, NULL, NULL),
(228, 29, 2, NULL, NULL),
(229, 29, 7, NULL, NULL),
(230, 29, 8, NULL, NULL),
(231, 29, 1, NULL, NULL),
(232, 29, 3, NULL, NULL),
(233, 30, 4, NULL, NULL),
(234, 30, 6, NULL, NULL),
(235, 30, 5, NULL, NULL),
(236, 30, 2, NULL, NULL),
(237, 30, 7, NULL, NULL),
(238, 30, 8, NULL, NULL),
(239, 30, 1, NULL, NULL),
(240, 30, 3, NULL, NULL),
(241, 31, 4, NULL, NULL),
(242, 31, 6, NULL, NULL),
(243, 31, 5, NULL, NULL),
(244, 31, 2, NULL, NULL),
(245, 31, 7, NULL, NULL),
(246, 31, 8, NULL, NULL),
(247, 31, 1, NULL, NULL),
(248, 31, 3, NULL, NULL),
(249, 32, 4, NULL, NULL),
(250, 32, 6, NULL, NULL),
(251, 32, 5, NULL, NULL),
(252, 32, 2, NULL, NULL),
(253, 32, 7, NULL, NULL),
(254, 32, 8, NULL, NULL),
(255, 32, 1, NULL, NULL),
(256, 32, 3, NULL, NULL),
(257, 33, 4, NULL, NULL),
(258, 33, 6, NULL, NULL),
(259, 33, 5, NULL, NULL),
(260, 33, 2, NULL, NULL),
(261, 33, 7, NULL, NULL),
(262, 33, 8, NULL, NULL),
(263, 33, 1, NULL, NULL),
(264, 33, 3, NULL, NULL),
(265, 34, 4, NULL, NULL),
(266, 34, 6, NULL, NULL),
(267, 34, 5, NULL, NULL),
(268, 34, 2, NULL, NULL),
(269, 34, 7, NULL, NULL),
(270, 34, 8, NULL, NULL),
(271, 34, 1, NULL, NULL),
(272, 34, 3, NULL, NULL),
(273, 35, 4, NULL, NULL),
(274, 35, 6, NULL, NULL),
(275, 35, 5, NULL, NULL),
(276, 35, 2, NULL, NULL),
(277, 35, 7, NULL, NULL),
(278, 35, 8, NULL, NULL),
(279, 35, 1, NULL, NULL),
(280, 35, 3, NULL, NULL),
(281, 36, 4, NULL, NULL),
(282, 36, 6, NULL, NULL),
(283, 36, 5, NULL, NULL),
(284, 36, 2, NULL, NULL),
(285, 36, 7, NULL, NULL),
(286, 36, 8, NULL, NULL),
(287, 36, 1, NULL, NULL),
(288, 36, 3, NULL, NULL),
(289, 37, 4, NULL, NULL),
(290, 37, 6, NULL, NULL),
(291, 37, 5, NULL, NULL),
(292, 37, 2, NULL, NULL),
(293, 37, 7, NULL, NULL),
(294, 37, 8, NULL, NULL),
(295, 37, 1, NULL, NULL),
(296, 37, 3, NULL, NULL),
(297, 38, 4, NULL, NULL),
(298, 38, 6, NULL, NULL),
(299, 38, 5, NULL, NULL),
(300, 38, 2, NULL, NULL),
(301, 38, 7, NULL, NULL),
(302, 38, 8, NULL, NULL),
(303, 38, 1, NULL, NULL),
(304, 38, 3, NULL, NULL),
(305, 39, 4, NULL, NULL),
(306, 39, 6, NULL, NULL),
(307, 39, 5, NULL, NULL),
(308, 39, 2, NULL, NULL),
(309, 39, 7, NULL, NULL),
(310, 39, 8, NULL, NULL),
(311, 39, 1, NULL, NULL),
(312, 39, 3, NULL, NULL),
(313, 40, 4, NULL, NULL),
(314, 40, 6, NULL, NULL),
(315, 40, 5, NULL, NULL),
(316, 40, 2, NULL, NULL),
(317, 40, 7, NULL, NULL),
(318, 40, 8, NULL, NULL),
(319, 40, 1, NULL, NULL),
(320, 40, 3, NULL, NULL),
(321, 41, 4, NULL, NULL),
(322, 41, 6, NULL, NULL),
(323, 41, 5, NULL, NULL),
(324, 41, 2, NULL, NULL),
(325, 41, 7, NULL, NULL),
(326, 41, 8, NULL, NULL),
(327, 41, 1, NULL, NULL),
(328, 41, 3, NULL, NULL),
(329, 42, 4, NULL, NULL),
(330, 42, 6, NULL, NULL),
(331, 42, 5, NULL, NULL),
(332, 42, 2, NULL, NULL),
(333, 42, 7, NULL, NULL),
(334, 42, 8, NULL, NULL),
(335, 42, 1, NULL, NULL),
(336, 42, 3, NULL, NULL),
(337, 43, 4, NULL, NULL),
(338, 43, 6, NULL, NULL),
(339, 43, 5, NULL, NULL),
(340, 43, 2, NULL, NULL),
(341, 43, 7, NULL, NULL),
(342, 43, 8, NULL, NULL),
(343, 43, 1, NULL, NULL),
(344, 43, 3, NULL, NULL),
(345, 44, 4, NULL, NULL),
(346, 44, 6, NULL, NULL),
(347, 44, 5, NULL, NULL),
(348, 44, 2, NULL, NULL),
(349, 44, 7, NULL, NULL),
(350, 44, 8, NULL, NULL),
(351, 44, 1, NULL, NULL),
(352, 44, 3, NULL, NULL),
(353, 45, 4, NULL, NULL),
(354, 45, 6, NULL, NULL),
(355, 45, 5, NULL, NULL),
(356, 45, 2, NULL, NULL),
(357, 45, 7, NULL, NULL),
(358, 45, 8, NULL, NULL),
(359, 45, 1, NULL, NULL),
(360, 45, 3, NULL, NULL),
(361, 46, 4, NULL, NULL),
(362, 46, 6, NULL, NULL),
(363, 46, 5, NULL, NULL),
(364, 46, 2, NULL, NULL),
(365, 46, 7, NULL, NULL),
(366, 46, 8, NULL, NULL),
(367, 46, 1, NULL, NULL),
(368, 46, 3, NULL, NULL);

-- --------------------------------------------------------

--
-- Table structure for table `comments`
--

CREATE TABLE `comments` (
  `id` int(10) UNSIGNED NOT NULL,
  `user_id` int(10) UNSIGNED NOT NULL,
  `article_id` int(10) UNSIGNED NOT NULL,
  `body` text COLLATE utf8_unicode_ci NOT NULL,
  `created_at` timestamp NULL DEFAULT NULL,
  `updated_at` timestamp NULL DEFAULT NULL
) ENGINE=InnoDB DEFAULT CHARSET=utf8 COLLATE=utf8_unicode_ci;

--
-- Dumping data for table `comments`
--

INSERT INTO `comments` (`id`, `user_id`, `article_id`, `body`, `created_at`, `updated_at`) VALUES
(1, 13, 1, 'Assumenda blanditiis et ea tempore quia molestiae. In ratione hic dignissimos expedita minus totam et. Dignissimos sed facilis doloremque dolores.', '2018-02-06 02:12:47', '2018-02-06 02:12:47'),
(2, 13, 1, 'Dolorum natus consequuntur ut expedita. Quod non ipsa sint atque ea sunt. Maiores iusto eos exercitationem magni. Numquam minus iusto officiis et. Ut maiores magnam id aliquam.', '2018-02-06 02:12:47', '2018-02-06 02:12:47'),
(3, 13, 1, 'Sapiente quia corporis aut provident. Ullam maiores voluptas ad perferendis reprehenderit et veniam. Qui ducimus est magni ut minus. Ab fugit numquam est minus.', '2018-02-06 02:12:47', '2018-02-06 02:12:47'),
(4, 4, 2, 'Voluptas minus quis autem esse hic. Ut quia aut asperiores corrupti. Totam non nihil cum qui minus ut. Omnis quia quia rem voluptas ratione qui provident. Quia nobis qui ipsum enim saepe.', '2018-02-06 02:12:47', '2018-02-06 02:12:47'),
(5, 4, 2, 'Reiciendis quae explicabo dolore est molestiae aut dignissimos aspernatur. Ut ut voluptas animi. Numquam aut vel ullam laudantium id est non quo. Quis fugiat provident occaecati quia autem quo cupiditate.', '2018-02-06 02:12:47', '2018-02-06 02:12:47'),
(6, 4, 2, 'Odio et officiis alias voluptas.', '2018-02-06 02:12:47', '2018-02-06 02:12:47'),
(7, 18, 5, 'A sequi harum rerum.', '2018-02-06 02:12:47', '2018-02-06 02:12:47'),
(8, 18, 5, 'Praesentium qui dolorem molestiae molestias. Eos voluptatem enim modi vero.', '2018-02-06 02:12:47', '2018-02-06 02:12:47'),
(9, 18, 5, 'Est voluptas dolores est.', '2018-02-06 02:12:47', '2018-02-06 02:12:47'),
(10, 18, 5, 'Minus qui facilis sunt amet quidem ut. Molestiae voluptas deleniti et ipsam accusantium.', '2018-02-06 02:12:47', '2018-02-06 02:12:47'),
(11, 18, 5, 'Voluptas veritatis distinctio consectetur perferendis earum minima porro. Inventore quo optio nam voluptatibus non. Sint sequi vero in.', '2018-02-06 02:12:47', '2018-02-06 02:12:47'),
(12, 4, 6, 'Vel est saepe nemo saepe illum ab et. Eos tempore dolorem minima numquam aut hic sit. Sed quas impedit fugit. Optio magnam ea et velit. Repudiandae assumenda tenetur magnam distinctio quis.', '2018-02-06 02:12:47', '2018-02-06 02:12:47'),
(13, 4, 6, 'Et quas quia vero error nam.', '2018-02-06 02:12:47', '2018-02-06 02:12:47'),
(14, 4, 6, 'Esse vel sunt porro eligendi ullam beatae non. Voluptate corrupti nostrum quia nihil qui itaque cum. Odio nobis a vitae accusantium natus officia ad eaque.', '2018-02-06 02:12:47', '2018-02-06 02:12:47'),
(15, 4, 6, 'Dicta nisi ea laudantium possimus debitis ut. Quidem quis porro ea. Amet at velit laborum eum aut quas et. Non eum quia ipsa. Incidunt recusandae occaecati quia est ex distinctio architecto.', '2018-02-06 02:12:47', '2018-02-06 02:12:47'),
(16, 17, 7, 'Nesciunt ea commodi rerum illum minus et fugiat. Omnis vel numquam quia labore incidunt.', '2018-02-06 02:12:47', '2018-02-06 02:12:47'),
(17, 17, 7, 'Quis et aperiam et accusantium odio iste corporis.', '2018-02-06 02:12:47', '2018-02-06 02:12:47'),
(18, 17, 7, 'Dolore ut soluta possimus minus. Officiis dolorem voluptate qui animi quia. Ipsa quas doloribus aliquid odit.', '2018-02-06 02:12:47', '2018-02-06 02:12:47'),
(19, 17, 8, 'Beatae accusamus suscipit ea magni. Non voluptas quibusdam dolores accusantium consequatur. Qui itaque velit molestiae culpa dolor. Consequuntur repudiandae reprehenderit voluptatem ut eveniet voluptate.', '2018-02-06 02:12:47', '2018-02-06 02:12:47'),
(20, 17, 8, 'Eveniet aliquam corporis ipsam facilis est. Quas temporibus a aut corporis voluptas vel ea sint. Iste et aperiam nisi quos necessitatibus. Cumque hic officia consequatur molestiae ea aliquid et. Repellendus neque enim fuga odio amet sequi eveniet.', '2018-02-06 02:12:47', '2018-02-06 02:12:47'),
(21, 17, 8, 'Odio tempore ut labore possimus. Adipisci molestias incidunt ratione sit vel consequatur omnis. Tempore necessitatibus odio aspernatur culpa nulla vel optio veniam. Soluta error quaerat et assumenda adipisci ut cupiditate. Iste architecto ut earum nobis id omnis.', '2018-02-06 02:12:47', '2018-02-06 02:12:47'),
(22, 17, 8, 'Officia nostrum consequatur dolorum. Perferendis quam facilis tenetur atque veniam laboriosam officia. Minima ullam placeat et aspernatur possimus. Animi laudantium quis est asperiores voluptates impedit inventore.', '2018-02-06 02:12:47', '2018-02-06 02:12:47'),
(23, 17, 8, 'Vel delectus et sed.', '2018-02-06 02:12:47', '2018-02-06 02:12:47'),
(24, 4, 10, 'Quos id rerum velit rem. Ut velit dicta dolore veritatis.', '2018-02-06 02:12:47', '2018-02-06 02:12:47'),
(25, 4, 10, 'Est ut rerum omnis nostrum assumenda eligendi exercitationem inventore. Debitis quis quam voluptas inventore et ipsa optio corporis.', '2018-02-06 02:12:47', '2018-02-06 02:12:47'),
(26, 4, 11, 'Quis est repellat perspiciatis ut earum quae. Quas earum vel expedita. Placeat voluptatem facilis voluptas qui. Error explicabo error suscipit at id sequi deserunt.', '2018-02-06 02:12:47', '2018-02-06 02:12:47'),
(27, 4, 11, 'Nesciunt et id voluptatum ut adipisci. Similique corporis rerum consectetur id. A quidem nihil numquam vitae.', '2018-02-06 02:12:47', '2018-02-06 02:12:47'),
(28, 4, 11, 'Qui ipsam libero omnis doloribus. Odio molestias sed animi. Aut magnam consequatur id illo voluptatem voluptas.', '2018-02-06 02:12:47', '2018-02-06 02:12:47'),
(29, 1, 12, 'Inventore molestias dignissimos eum vel sed voluptatibus quisquam.', '2018-02-06 02:12:47', '2018-02-06 02:12:47'),
(30, 1, 12, 'Laudantium quis exercitationem velit corrupti vel consequatur et.', '2018-02-06 02:12:47', '2018-02-06 02:12:47'),
(31, 1, 12, 'Saepe magni voluptate repellendus aut. Autem et quaerat quia dolores. Provident velit fugiat dolores esse. Voluptatum accusantium porro dolores voluptates eveniet rem quis. Ratione occaecati expedita commodi temporibus.', '2018-02-06 02:12:47', '2018-02-06 02:12:47'),
(32, 1, 12, 'Dolorum libero non dicta consectetur. Repellat velit odio aperiam cum maiores. Debitis aut impedit ipsa sit veritatis. Dolor laborum et sed et et incidunt quia possimus. Asperiores ut reprehenderit qui saepe non ea cumque.', '2018-02-06 02:12:47', '2018-02-06 02:12:47'),
(33, 1, 14, 'Cum et ea rerum voluptatem ut quis ipsa eveniet. Et blanditiis consequatur earum dicta. Nihil dolorem quis numquam voluptatem ullam voluptatem dignissimos. Dolores et reprehenderit et et neque. Enim quas fuga quam dolorem enim quo doloribus.', '2018-02-06 02:12:47', '2018-02-06 02:12:47'),
(34, 1, 14, 'Est quaerat nulla expedita nobis cumque alias.', '2018-02-06 02:12:47', '2018-02-06 02:12:47'),
(35, 1, 14, 'Dolor vel temporibus ea. Amet enim aut veritatis minus quo. Id quisquam beatae ea enim iusto voluptatem.', '2018-02-06 02:12:47', '2018-02-06 02:12:47'),
(36, 1, 14, 'Quia ipsam et fuga ad blanditiis consequatur. Non maxime laborum ullam sapiente qui dolor sunt. Ipsam dolores rerum maiores fugiat natus blanditiis et. Aut voluptatem ut vel sed ut facilis. Aliquam pariatur consequatur ex facere nihil.', '2018-02-06 02:12:47', '2018-02-06 02:12:47'),
(37, 1, 14, 'Voluptatem repudiandae at et rerum labore maxime id. Omnis velit alias fugit commodi totam dolores. Neque magnam fuga dolorum.', '2018-02-06 02:12:47', '2018-02-06 02:12:47'),
(38, 20, 15, 'Maiores dolore atque pariatur iure voluptates dolor earum.', '2018-02-06 02:12:47', '2018-02-06 02:12:47'),
(39, 20, 15, 'Eius nostrum vel sequi nostrum laborum adipisci blanditiis. Quo amet eius ut vero suscipit. Sunt ducimus dicta nisi libero sit. Reprehenderit accusamus cupiditate velit laboriosam.', '2018-02-06 02:12:47', '2018-02-06 02:12:47'),
(40, 20, 15, 'Dolorem quis blanditiis libero nihil rerum. Soluta quia cumque autem vel. Amet et eos aliquam repellat et est non. Nulla exercitationem cumque repellat quisquam.', '2018-02-06 02:12:47', '2018-02-06 02:12:47'),
(41, 20, 15, 'Exercitationem quo et non porro facere et suscipit. Nesciunt odit omnis et quos dicta rerum. Et amet voluptas accusamus et impedit. Consequatur dolores placeat rerum porro numquam amet velit nesciunt.', '2018-02-06 02:12:47', '2018-02-06 02:12:47'),
(42, 10, 18, 'Autem neque illo dolorem doloremque. Alias aut quisquam et ipsam excepturi inventore ipsum.', '2018-02-06 02:12:47', '2018-02-06 02:12:47'),
(43, 10, 18, 'Rerum aspernatur non iste culpa.', '2018-02-06 02:12:47', '2018-02-06 02:12:47'),
(44, 10, 18, 'Qui voluptatem maiores sunt dolore et quia hic animi. Rerum veniam velit eius et officia inventore asperiores dignissimos.', '2018-02-06 02:12:47', '2018-02-06 02:12:47'),
(45, 1, 19, 'Quo dolor asperiores eligendi fugiat iusto odio. Sapiente qui commodi dolorem voluptatem accusantium.', '2018-02-06 02:12:47', '2018-02-06 02:12:47'),
(46, 1, 19, 'Qui qui necessitatibus voluptate et nobis amet architecto iste.', '2018-02-06 02:12:47', '2018-02-06 02:12:47'),
(47, 8, 20, 'Ab temporibus sapiente id dolorem eum. Ut odit at nam ducimus veritatis eligendi nam non. Vero nihil voluptas sit quo perferendis vel amet. Consequatur cupiditate esse nam natus aperiam labore. Sapiente ad quasi maiores magnam ex nihil.', '2018-02-06 02:12:47', '2018-02-06 02:12:47'),
(48, 8, 20, 'Saepe earum eos consequatur consequatur ut laboriosam et.', '2018-02-06 02:12:47', '2018-02-06 02:12:47'),
(49, 11, 21, 'Ad repudiandae quae voluptatem deserunt.', '2018-02-06 02:12:47', '2018-02-06 02:12:47'),
(50, 11, 21, 'Totam et sequi dolor eligendi ullam aut. Voluptate qui ipsam sed. Corrupti rerum ut quisquam voluptatem assumenda et velit. Sunt qui reiciendis ullam nemo aut est asperiores tempora.', '2018-02-06 02:12:47', '2018-02-06 02:12:47'),
(51, 11, 21, 'Laborum qui quia maiores totam velit molestias.', '2018-02-06 02:12:47', '2018-02-06 02:12:47'),
(52, 15, 22, 'At sunt et ut temporibus sed molestiae provident. Nisi aut odio aut et consequuntur optio.', '2018-02-06 02:12:47', '2018-02-06 02:12:47'),
(53, 15, 22, 'Perferendis expedita quis numquam facilis quia laboriosam reprehenderit. Magni qui quidem maxime ut.', '2018-02-06 02:12:47', '2018-02-06 02:12:47'),
(54, 16, 23, 'Aspernatur qui voluptates ut accusantium nemo est. Non est corporis odio qui provident et facere.', '2018-02-06 02:12:47', '2018-02-06 02:12:47'),
(55, 16, 23, 'Voluptatem aut et qui aut recusandae. Doloribus delectus minus voluptatibus dolorem veritatis. Adipisci ab in saepe voluptatem vitae necessitatibus saepe. Dolor sint quaerat aut est maiores doloribus dignissimos. Quos exercitationem impedit quisquam asperiores expedita et praesentium.', '2018-02-06 02:12:47', '2018-02-06 02:12:47'),
(56, 16, 23, 'Recusandae dolorum iure ut delectus reprehenderit praesentium. Reprehenderit quo asperiores aspernatur nihil autem. Ad nihil illo earum iure assumenda.', '2018-02-06 02:12:47', '2018-02-06 02:12:47'),
(57, 16, 23, 'Porro quia fuga quod voluptatem.', '2018-02-06 02:12:47', '2018-02-06 02:12:47'),
(58, 3, 24, 'Consequatur et est odit impedit laborum qui voluptatibus. Et consectetur et qui quo dolor dolore.', '2018-02-06 02:12:47', '2018-02-06 02:12:47'),
(59, 3, 24, 'Voluptatem odio omnis sit sint ipsa voluptas maxime. Quia ut dolorem tenetur dolor nostrum rem voluptas.', '2018-02-06 02:12:47', '2018-02-06 02:12:47'),
(60, 3, 24, 'Ipsa qui nobis quod dolores consequatur ut. Modi vel pariatur numquam quia et ullam. Debitis est illo ut ea repellendus aut voluptatem. Tenetur voluptas sed officiis rerum omnis delectus. Qui voluptas eum adipisci vel.', '2018-02-06 02:12:47', '2018-02-06 02:12:47'),
(61, 3, 24, 'Ad officiis aspernatur voluptatum nobis. Omnis repudiandae repellendus officiis reiciendis. Placeat doloremque voluptatem fugit quia ex qui aut. Ut mollitia itaque inventore eaque. Sunt deleniti quod voluptatem sit.', '2018-02-06 02:12:47', '2018-02-06 02:12:47'),
(62, 3, 24, 'Hic sit ipsa libero et harum officia. Veniam non reiciendis architecto ipsam sit eveniet et.', '2018-02-06 02:12:47', '2018-02-06 02:12:47'),
(63, 16, 25, 'Quia dignissimos quas amet vero nisi est. Vero quis culpa ut quod dolorem eligendi neque.', '2018-02-06 02:12:47', '2018-02-06 02:12:47'),
(64, 16, 25, 'Dolorem est alias delectus ex iure unde nobis.', '2018-02-06 02:12:47', '2018-02-06 02:12:47'),
(65, 16, 25, 'Quidem molestiae quos rerum. Et officia modi corporis sit soluta. Et maxime earum ut error hic doloribus. Et possimus excepturi temporibus quam. Consectetur est qui adipisci dolor error rerum sed.', '2018-02-06 02:12:47', '2018-02-06 02:12:47'),
(66, 12, 26, 'Et ut cumque eaque optio doloribus. Ad sed sed fugit maiores doloremque vel occaecati. Deleniti quasi enim porro aperiam rerum facilis velit. Nam neque sit et itaque qui quis.', '2018-02-06 02:12:47', '2018-02-06 02:12:47'),
(67, 4, 27, 'Perferendis voluptatem quia vel quibusdam unde. Quam quae odit molestiae.', '2018-02-06 02:12:47', '2018-02-06 02:12:47'),
(68, 4, 27, 'Velit voluptatibus nobis delectus animi eum dolor. Perspiciatis repellendus distinctio incidunt hic blanditiis.', '2018-02-06 02:12:47', '2018-02-06 02:12:47'),
(69, 4, 27, 'Ratione qui repellendus commodi et et excepturi adipisci. Qui qui ea odit corrupti molestias provident provident.', '2018-02-06 02:12:47', '2018-02-06 02:12:47'),
(70, 20, 28, 'Qui aspernatur quas sint nisi quia. Ut porro magnam autem sunt. Omnis dolores atque molestiae nihil sint qui. Et qui eos iste asperiores repudiandae illo aperiam.', '2018-02-06 02:12:47', '2018-02-06 02:12:47'),
(71, 4, 29, 'Laborum rerum voluptas et. Aspernatur sed quis quibusdam dolor ad et aut. Aut culpa culpa doloremque repudiandae et est nemo.', '2018-02-06 02:12:47', '2018-02-06 02:12:47'),
(72, 4, 29, 'Consequatur maxime commodi minima. Occaecati et eligendi consequatur dolores enim deserunt soluta.', '2018-02-06 02:12:47', '2018-02-06 02:12:47'),
(73, 4, 29, 'Nihil qui quasi dolores voluptas ipsam consectetur. Accusantium exercitationem ipsum repudiandae in ullam. Autem impedit aut magni suscipit officiis quidem consectetur. Distinctio aut ex vero veniam alias nobis ullam assumenda.', '2018-02-06 02:12:47', '2018-02-06 02:12:47'),
(74, 4, 29, 'Facilis adipisci odio eos doloremque ut nemo.', '2018-02-06 02:12:47', '2018-02-06 02:12:47'),
(75, 4, 29, 'Dignissimos dolorem est beatae maxime porro rem est.', '2018-02-06 02:12:47', '2018-02-06 02:12:47'),
(76, 14, 30, 'Sit consequatur tempora rem debitis doloribus est sunt.', '2018-02-06 02:12:47', '2018-02-06 02:12:47'),
(77, 14, 30, 'Quisquam sed veritatis eum doloremque. Eius placeat voluptatem tempora distinctio saepe ipsam qui. Temporibus possimus unde vel neque.', '2018-02-06 02:12:47', '2018-02-06 02:12:47'),
(78, 14, 30, 'Id illum dolores quos illum aliquid praesentium nulla consequatur. Et iusto dolorum deserunt quaerat et. Autem voluptatum temporibus tenetur eius impedit ut. Minima aliquam libero nisi facere itaque ut possimus quos.', '2018-02-06 02:12:47', '2018-02-06 02:12:47'),
(79, 16, 31, 'Iste et adipisci sint quia at. Consectetur eos et et. Ipsam repellat ut sapiente laborum distinctio aliquid ipsa.', '2018-02-06 02:12:47', '2018-02-06 02:12:47'),
(80, 20, 33, 'Non aperiam odio in neque dolore sed sed. Et similique voluptate officia molestiae asperiores. Rerum eos corporis consequatur. Et officiis dolores qui voluptates magnam. Tenetur a et iure illo velit totam.', '2018-02-06 02:12:47', '2018-02-06 02:12:47'),
(81, 20, 33, 'Ipsum et fugit excepturi repudiandae at consequatur nostrum. Architecto blanditiis quaerat qui quo modi. Quos unde aut non dignissimos. Et esse id libero omnis. Esse quia corporis sunt et at quis sapiente.', '2018-02-06 02:12:47', '2018-02-06 02:12:47'),
(82, 20, 33, 'Quia recusandae reiciendis omnis dolor et.', '2018-02-06 02:12:47', '2018-02-06 02:12:47'),
(83, 17, 35, 'Molestiae quis qui cum deleniti illum veniam dolorem libero. Debitis excepturi velit aperiam sunt tenetur.', '2018-02-06 02:12:47', '2018-02-06 02:12:47'),
(84, 18, 37, 'Eveniet deserunt sit facere quo minus.', '2018-02-06 02:12:47', '2018-02-06 02:12:47'),
(85, 18, 37, 'Pariatur id veritatis dolorem quia. Nulla et consequatur quae. Dolorem quidem iusto consequatur excepturi vel et. Assumenda id deserunt architecto. Quisquam sunt quia adipisci consequatur temporibus ab.', '2018-02-06 02:12:47', '2018-02-06 02:12:47'),
(86, 18, 37, 'Consequatur facere doloribus est.', '2018-02-06 02:12:47', '2018-02-06 02:12:47'),
(87, 18, 37, 'Omnis quidem et a voluptatibus voluptatum veniam similique. Sit ut consequatur commodi voluptas.', '2018-02-06 02:12:47', '2018-02-06 02:12:47'),
(88, 18, 37, 'Dolore voluptatem eum consequuntur ipsum. Debitis mollitia consequatur praesentium officia. Inventore ratione ut consequatur ut unde aliquid consequatur. Quam voluptatem accusamus ut ratione occaecati. Et quo aut ab dolor voluptatem.', '2018-02-06 02:12:47', '2018-02-06 02:12:47'),
(89, 4, 38, 'Assumenda id vel necessitatibus illum rem omnis.', '2018-02-06 02:12:47', '2018-02-06 02:12:47'),
(90, 17, 39, 'Ut nostrum molestiae omnis eius et labore. Blanditiis excepturi corporis dolore libero dolores incidunt aliquam quia.', '2018-02-06 02:12:47', '2018-02-06 02:12:47'),
(91, 17, 39, 'Praesentium dolore ut ipsam et fuga. Quo architecto earum voluptatem sed voluptatem. Officia iusto sed est illum id fuga ipsa.', '2018-02-06 02:12:47', '2018-02-06 02:12:47'),
(92, 17, 39, 'Est quia dolorum qui fuga ut ut placeat id. Cum quia occaecati quidem fugit. Aut qui quae sit fuga fugiat.', '2018-02-06 02:12:47', '2018-02-06 02:12:47'),
(93, 17, 39, 'Repudiandae magnam nam et ut sequi itaque unde.', '2018-02-06 02:12:47', '2018-02-06 02:12:47'),
(94, 18, 40, 'Animi maiores provident ratione deleniti explicabo. Modi aliquam dolor aut quis qui laboriosam autem voluptatem. Animi quibusdam tempore quibusdam hic distinctio aliquid labore quod. Autem maxime accusantium sequi.', '2018-02-06 02:12:47', '2018-02-06 02:12:47'),
(95, 18, 40, 'Est ut tempore est debitis. Et asperiores quae dolor blanditiis occaecati.', '2018-02-06 02:12:47', '2018-02-06 02:12:47'),
(96, 18, 40, 'Modi aut reprehenderit qui culpa minima.', '2018-02-06 02:12:47', '2018-02-06 02:12:47'),
(97, 18, 40, 'Explicabo earum ut nulla ullam. Distinctio voluptas cupiditate et repudiandae laudantium temporibus. Alias in ab maiores fugit voluptatem accusantium pariatur.', '2018-02-06 02:12:47', '2018-02-06 02:12:47'),
(98, 9, 41, 'Odio numquam vero molestias dolore voluptatem vel sapiente.', '2018-02-06 02:12:47', '2018-02-06 02:12:47'),
(99, 9, 41, 'Inventore laudantium deserunt reprehenderit molestias velit sequi ducimus beatae.', '2018-02-06 02:12:47', '2018-02-06 02:12:47'),
(100, 9, 41, 'Illo voluptatibus dolore repudiandae soluta similique et. Dolorum voluptatem enim nam sit architecto atque est. Quo perspiciatis dolor natus odit dolorem debitis. Quis aliquid dicta veritatis vel vero voluptatibus sit. Ut impedit placeat ut deleniti.', '2018-02-06 02:12:47', '2018-02-06 02:12:47'),
(101, 2, 43, 'Sit ea voluptatem eaque dolor. Recusandae magni quo sit voluptatem nihil.', '2018-02-06 02:12:47', '2018-02-06 02:12:47'),
(102, 2, 43, 'Quia sunt est maxime fugiat iusto. A nisi ullam quos quae impedit. Aut aspernatur reprehenderit libero molestias.', '2018-02-06 02:12:47', '2018-02-06 02:12:47'),
(103, 2, 43, 'Eligendi fugiat sequi nihil. Accusantium quod accusantium eius hic quisquam laudantium blanditiis.', '2018-02-06 02:12:47', '2018-02-06 02:12:47'),
(104, 2, 43, 'Et et inventore dignissimos pariatur commodi rerum. Tempore eius porro amet et qui dolorem quaerat.', '2018-02-06 02:12:47', '2018-02-06 02:12:47'),
(105, 2, 43, 'Nobis eius pariatur dolor error impedit nobis.', '2018-02-06 02:12:47', '2018-02-06 02:12:47'),
(106, 13, 44, 'Labore voluptate accusamus modi sunt architecto consequatur. Quis in error officia voluptas. Officia et voluptatibus voluptatem dolores a voluptatem quasi ea. Est ipsum doloribus qui dolor quo quo ipsum consectetur. Et omnis facilis architecto aliquid.', '2018-02-06 02:12:47', '2018-02-06 02:12:47'),
(107, 13, 44, 'Tempore voluptatum quod et.', '2018-02-06 02:12:47', '2018-02-06 02:12:47'),
(108, 13, 44, 'Dolorem et voluptatibus sunt vero. Laudantium esse in voluptas debitis consectetur magnam quas vel. Quod nam voluptates beatae illum. Est dolor fugiat molestiae dolorum sapiente consequatur.', '2018-02-06 02:12:47', '2018-02-06 02:12:47'),
(109, 13, 44, 'Dolores consequatur doloribus eum reiciendis.', '2018-02-06 02:12:47', '2018-02-06 02:12:47'),
(110, 6, 45, 'Dicta optio et quia. Molestiae delectus fuga non voluptas accusantium amet neque. Autem explicabo labore esse ea et magnam temporibus.', '2018-02-06 02:12:47', '2018-02-06 02:12:47'),
(111, 16, 46, 'Doloribus aliquam vitae ullam eum quia perferendis. Accusantium delectus voluptatem vel quas qui. Rerum id quod qui consequuntur eum non.', '2018-02-06 02:12:47', '2018-02-06 02:12:47'),
(112, 16, 46, 'Quos vero aut dolor deleniti aliquam harum ipsum fugiat. Rem similique laboriosam tempora quod.', '2018-02-06 02:12:47', '2018-02-06 02:12:47'),
(113, 16, 46, 'Error consequatur est ut quis quasi ea. Explicabo quia maiores atque et placeat. Aperiam quaerat consectetur dolor autem ea rerum ipsam quam. Similique mollitia eum et quia et a reiciendis inventore.', '2018-02-06 02:12:47', '2018-02-06 02:12:47'),
(114, 16, 46, 'Officiis possimus nulla voluptates voluptatem atque impedit. Dolor natus beatae rerum animi. Itaque nam et perspiciatis. Sed eum sed molestiae illo voluptatem sit eum. Esse est nulla corrupti occaecati.', '2018-02-06 02:12:47', '2018-02-06 02:12:47'),
(115, 16, 46, 'Aut qui similique optio enim. Rerum voluptatem et ea dolores. Laborum quas accusamus omnis dolorem. Rerum dolor doloremque excepturi ex eum nulla ipsa. Sunt laborum dolorem molestiae sed necessitatibus.', '2018-02-06 02:12:47', '2018-02-06 02:12:47');

-- --------------------------------------------------------

--
-- Table structure for table `migrations`
--

CREATE TABLE `migrations` (
  `version` bigint(20) NOT NULL,
  `migration_name` varchar(100) DEFAULT NULL,
  `start_time` timestamp NULL DEFAULT NULL,
  `end_time` timestamp NULL DEFAULT NULL,
  `breakpoint` tinyint(1) NOT NULL DEFAULT '0'
) ENGINE=InnoDB DEFAULT CHARSET=utf8;

--
-- Dumping data for table `migrations`
--

INSERT INTO `migrations` (`version`, `migration_name`, `start_time`, `end_time`, `breakpoint`) VALUES
(20171106211018, 'CreateUsersTable', '2018-02-06 02:12:45', '2018-02-06 02:12:45', 0),
(20171108020701, 'CreateUsersFollowingTable', '2018-02-06 02:12:45', '2018-02-06 02:12:45', 0),
(20171108045654, 'CreateArticlesTable', '2018-02-06 02:12:45', '2018-02-06 02:12:45', 0),
(20171108093522, 'CreateTagsTable', '2018-02-06 02:12:45', '2018-02-06 02:12:46', 0),
(20171108112804, 'CreateCommentsTable', '2018-02-06 02:12:46', '2018-02-06 02:12:46', 0),
(20171108140627, 'CreateUserFavoriteTable', '2018-02-06 02:12:46', '2018-02-06 02:12:46', 0);

-- --------------------------------------------------------

--
-- Table structure for table `promo`
--

CREATE TABLE `promo` (
  `id` int(11) NOT NULL,
  `name` varchar(255) COLLATE utf8_unicode_ci NOT NULL,
  `start_date` timestamp NOT NULL DEFAULT CURRENT_TIMESTAMP ON UPDATE CURRENT_TIMESTAMP,
  `end_date` timestamp NOT NULL DEFAULT '0000-00-00 00:00:00',
  `type` varchar(255) COLLATE utf8_unicode_ci NOT NULL,
  `promo` varchar(255) COLLATE utf8_unicode_ci NOT NULL,
  `percent_off` decimal(23,10) NOT NULL,
  `fixed_off` decimal(23,10) NOT NULL,
  `description` text COLLATE utf8_unicode_ci NOT NULL,
  `enabled` tinyint(1) NOT NULL DEFAULT '0',
  `free_shipping` tinyint(1) NOT NULL DEFAULT '0'
) ENGINE=InnoDB DEFAULT CHARSET=utf8 COLLATE=utf8_unicode_ci;

--
-- Dumping data for table `promo`
--

INSERT INTO `promo` (`id`, `name`, `start_date`, `end_date`, `type`, `promo`, `percent_off`, `fixed_off`, `description`, `enabled`, `free_shipping`) VALUES
(3, '10% of on all purchases', '2018-02-07 06:42:51', '2018-05-10 13:00:00', 'coupon', 'percentage_discount', '10.0000000000', '0.0000000000', '', 1, 0),
(4, 'Sprint Education Discount', '2018-02-06 12:27:44', '2018-03-14 13:00:00', 'coupon', 'percentage_discount', '15.0000000000', '0.0000000000', '', 1, 1),
(5, 'Half Price with selected Gadgets', '2018-01-31 13:00:00', '2018-02-15 13:00:00', 'coupon', 'fixed_amount', '0.0000000000', '10.0000000000', '', 0, 1),
(6, '15% of All orders-Limited Only', '2018-02-08 05:55:38', '2018-06-06 13:00:00', 'coupon', 'percentage_discount', '15.0000000000', '0.0000000000', '', 1, 1),
(7, 'unidays discount', '2018-02-06 12:27:46', '2018-06-06 13:00:00', 'coupon', 'fixed_amount', '0.0000000000', '20.0000000000', '', 1, 1),
(8, '20% off Apology Code', '2018-02-07 06:42:56', '2018-05-17 13:00:00', 'coupon', 'percentage_discount', '20.0000000000', '0.0000000000', '', 0, 1),
(9, 'Test Promo', '2018-02-08 18:30:00', '2018-02-13 18:30:00', 'basket', 'fixed_amount', '0.0000000000', '10.0000000000', '', 0, 0);

-- --------------------------------------------------------

--
-- Table structure for table `tags`
--

CREATE TABLE `tags` (
  `id` int(10) UNSIGNED NOT NULL,
  `title` varchar(255) COLLATE utf8_unicode_ci NOT NULL,
  `created_at` timestamp NULL DEFAULT NULL,
  `updated_at` timestamp NULL DEFAULT NULL
) ENGINE=InnoDB DEFAULT CHARSET=utf8 COLLATE=utf8_unicode_ci;

--
-- Dumping data for table `tags`
--

INSERT INTO `tags` (`id`, `title`, `created_at`, `updated_at`) VALUES
(1, 'test', '2018-02-06 02:12:47', '2018-02-06 02:12:47'),
(2, 'dragons', '2018-02-06 02:12:47', '2018-02-06 02:12:47'),
(3, 'training', '2018-02-06 02:12:47', '2018-02-06 02:12:47'),
(4, 'angular', '2018-02-06 02:12:47', '2018-02-06 02:12:47'),
(5, 'Development', '2018-02-06 02:12:47', '2018-02-06 02:12:47'),
(6, 'article', '2018-02-06 02:12:47', '2018-02-06 02:12:47'),
(7, 'markdown', '2018-02-06 02:12:47', '2018-02-06 02:12:47'),
(8, 'react', '2018-02-06 02:12:47', '2018-02-06 02:12:47');

-- --------------------------------------------------------

--
-- Table structure for table `users`
--

CREATE TABLE `users` (
  `id` int(10) UNSIGNED NOT NULL,
  `email` varchar(255) COLLATE utf8_unicode_ci NOT NULL,
  `username` varchar(255) COLLATE utf8_unicode_ci NOT NULL,
  `password` varchar(255) COLLATE utf8_unicode_ci NOT NULL,
  `token` text COLLATE utf8_unicode_ci,
  `bio` varchar(255) COLLATE utf8_unicode_ci DEFAULT NULL,
  `image` varchar(255) COLLATE utf8_unicode_ci DEFAULT NULL,
  `created_at` timestamp NULL DEFAULT NULL,
  `updated_at` timestamp NULL DEFAULT NULL
) ENGINE=InnoDB DEFAULT CHARSET=utf8 COLLATE=utf8_unicode_ci;

--
-- Dumping data for table `users`
--

INSERT INTO `users` (`id`, `email`, `username`, `password`, `token`, `bio`, `image`, `created_at`, `updated_at`) VALUES
(1, 'mcdermott.oral@dooley.com', 'prosacco.kayleigh', '$2y$10$uredNpJiu00l.bKcsgwx1ui4ggf8TOfzHmRXlUbtNLM2ts32JYqzG', '1SVBBzD}J_', NULL, 'https://static.productionready.io/images/smiley-cyrus.jpg', '2018-02-06 02:12:47', '2018-02-06 02:12:47'),
(2, 'vbrakus@hotmail.com', 'lucius82', '$2y$10$ihpqmD/uGRWOwvvc03zBVuK2gbry4mLOrJTrKxOQ8AZYTZ3qKuF86', '8J3~+gad!]', NULL, 'https://static.productionready.io/images/smiley-cyrus.jpg', '2018-02-06 02:12:47', '2018-02-06 02:12:47'),
(3, 'makenna.price@gmail.com', 'price.adan', '$2y$10$ehcrFgd2c1K969cov1dLPOm0P7PWYmmKM0ih18ij4tnWLk/qWoEyy', 'WM;Jjl', NULL, 'https://static.productionready.io/images/smiley-cyrus.jpg', '2018-02-06 02:12:47', '2018-02-06 02:12:47'),
(4, 'laurie.morar@hotmail.com', 'pmayert', '$2y$10$p4hhhUio4NtnpxcRDYVPkOI9VDK8R8LSqF.Y7149I0Ljhoe4blLqe', 'pe8+!u;FX', NULL, 'https://static.productionready.io/images/smiley-cyrus.jpg', '2018-02-06 02:12:47', '2018-02-06 02:12:47'),
(5, 'jaunita.wilderman@hotmail.com', 'clinton.feeney', '$2y$10$vWTfSMYobpZMyQEW2CB5w.UROqFFWVnjn0NBISwJ/Y6NHdPLGoHVm', '%<|Y[ve6QaY|$Uyi?xA;', NULL, 'https://static.productionready.io/images/smiley-cyrus.jpg', '2018-02-06 02:12:47', '2018-02-06 02:12:47'),
(6, 'ole.haag@yahoo.com', 'romaine.marvin', '$2y$10$DilRu35vzqnubuYushW7y..Bp4PL6dqNY9L2NUkQ3fG3MRnLlwUYG', '|%eH;7|JH%mm\'y\"li', NULL, 'https://static.productionready.io/images/smiley-cyrus.jpg', '2018-02-06 02:12:47', '2018-02-06 02:12:47'),
(7, 'von.delpha@schmidt.org', 'ayla18', '$2y$10$fe5eA/j0wyMHVGragMSFjOrhJZZWeX7FpKqKVoURQ44XgCiTn8liO', '1GI:|\'lQn@ntK\"YGJg(', NULL, 'https://static.productionready.io/images/smiley-cyrus.jpg', '2018-02-06 02:12:47', '2018-02-06 02:12:47'),
(8, 'lbrown@smitham.net', 'szieme', '$2y$10$HltaiUKqYTcDoG9c4yLSu.bpc65VMgWV4KLiVonXsyTh/uknqlOkW', 'Nn8&y)|KqW.u^%', NULL, 'https://static.productionready.io/images/smiley-cyrus.jpg', '2018-02-06 02:12:47', '2018-02-06 02:12:47'),
(9, 'milton20@daugherty.com', 'rempel.avery', '$2y$10$ILiBJthtMcIiKnzkDhncC.MryODqABlRNuYhXFQ2FixfmKnQbPPYK', 'H%$w#+v', NULL, 'https://static.productionready.io/images/smiley-cyrus.jpg', '2018-02-06 02:12:47', '2018-02-06 02:12:47'),
(10, 'qlittel@schoen.com', 'mcorkery', '$2y$10$2pPOY6zt.xwYpmBAgW9xGOXuF.AEUy6ud56cyKp9WezCiGlJGDXmy', '1#EtGTMpE)GA=', NULL, 'https://static.productionready.io/images/smiley-cyrus.jpg', '2018-02-06 02:12:47', '2018-02-06 02:12:47'),
(11, 'turcotte.kailey@kerluke.com', 'johnnie.reilly', '$2y$10$Nh6Puff.Bpxx6g9m3Y4rQOfs8W7wkdkrKWn09.wqBm8k8syWaR12C', 'T3w0w0t]E::2', NULL, 'https://static.productionready.io/images/smiley-cyrus.jpg', '2018-02-06 02:12:47', '2018-02-06 02:12:47'),
(12, 'heathcote.felipe@jakubowski.com', 'ehuels', '$2y$10$B5WaQRJg/qZLO4xQg8K4Fe4v0lMyupG82.op54vETbVhHeeKlXxLy', 'yh[6Jv[eyd{+>', NULL, 'https://static.productionready.io/images/smiley-cyrus.jpg', '2018-02-06 02:12:47', '2018-02-06 02:12:47'),
(13, 'maggio.eloy@yahoo.com', 'clifton09', '$2y$10$T1szecZsEI.EAqDByu6RuurStT8zDrIdumrLfchIF39hUcT0dVCGu', 'LKM>{_u]3txMC;x3exq', NULL, 'https://static.productionready.io/images/smiley-cyrus.jpg', '2018-02-06 02:12:47', '2018-02-06 02:12:47'),
(14, 'bwest@yahoo.com', 'ullrich.lon', '$2y$10$NTVZydLEkcuDr42k1ePZheP/ClctKk1.9SVfejwGeE7QdyD5aAOfO', '0@qXAJCT9LDS]or', NULL, 'https://static.productionready.io/images/smiley-cyrus.jpg', '2018-02-06 02:12:47', '2018-02-06 02:12:47'),
(15, 'hschulist@yahoo.com', 'stewart19', '$2y$10$jc9UniyWzBkP1LRXcHQ8Pupaa9VDf.8R2x9KELKbcCq9cJvlgPasy', '$lG1CzEq<GR(tTnbjl', NULL, 'https://static.productionready.io/images/smiley-cyrus.jpg', '2018-02-06 02:12:47', '2018-02-06 02:12:47'),
(16, 'mittie.murazik@gmail.com', 'boris.brown', '$2y$10$YxvmNdAldwdrk3M8KvLZYOhhnLGtKr..l/9d3ZOSkOGY4XBWly/jG', ']Sh3;nth', NULL, 'https://static.productionready.io/images/smiley-cyrus.jpg', '2018-02-06 02:12:47', '2018-02-06 02:12:47'),
(17, 'lizzie55@bernhard.com', 'pschumm', '$2y$10$7pVY9RRYVE2TTR5gjZAE3OyZXDC499zdo.rOFFDvTBpo/M1X/Vnqa', '#42J4!VM', NULL, 'https://static.productionready.io/images/smiley-cyrus.jpg', '2018-02-06 02:12:47', '2018-02-06 02:12:47'),
(18, 'jessika79@lang.net', 'anais.murray', '$2y$10$FGg6QpW4o5toZi0Iv9xiN.4CHOXzPCGP8utA5NHodYuQqsiTMC0Wa', '.$pc7}`Ij1&<DUEdUFr]', NULL, 'https://static.productionready.io/images/smiley-cyrus.jpg', '2018-02-06 02:12:47', '2018-02-06 02:12:47'),
(19, 'west.wilma@gmail.com', 'reilly.federico', '$2y$10$gZTSs9YC9Kj9NJgJnPFpN.ZBb/JeVpNFI5j2cJ64qfLr4Hb5HMIMy', ',l)@qvy`VVj?U!v6', NULL, 'https://static.productionready.io/images/smiley-cyrus.jpg', '2018-02-06 02:12:47', '2018-02-06 02:12:47'),
(20, 'reyna19@gmail.com', 'athena43', '$2y$10$vCLakB67Ytruv4pZ.mNSDOpN9c3oP9trwpnEsKhV9oLU3KxurOPxe', 'Ei3y)rz?UPBJ@fpEr+L', NULL, 'https://static.productionready.io/images/smiley-cyrus.jpg', '2018-02-06 02:12:47', '2018-02-06 02:12:47');

-- --------------------------------------------------------

--
-- Table structure for table `users_following`
--

CREATE TABLE `users_following` (
  `id` int(10) UNSIGNED NOT NULL,
  `user_id` int(10) UNSIGNED NOT NULL,
  `following_user_id` int(10) UNSIGNED NOT NULL,
  `created_at` timestamp NULL DEFAULT NULL,
  `updated_at` timestamp NULL DEFAULT NULL
) ENGINE=InnoDB DEFAULT CHARSET=utf8 COLLATE=utf8_unicode_ci;

--
-- Dumping data for table `users_following`
--

INSERT INTO `users_following` (`id`, `user_id`, `following_user_id`, `created_at`, `updated_at`) VALUES
(1, 1, 1, '2018-02-06 02:12:48', '2018-02-06 02:12:48'),
(2, 1, 5, '2018-02-06 02:12:48', '2018-02-06 02:12:48'),
(3, 1, 6, '2018-02-06 02:12:48', '2018-02-06 02:12:48'),
(4, 1, 7, '2018-02-06 02:12:48', '2018-02-06 02:12:48'),
(5, 1, 9, '2018-02-06 02:12:48', '2018-02-06 02:12:48'),
(6, 1, 12, '2018-02-06 02:12:48', '2018-02-06 02:12:48'),
(7, 1, 15, '2018-02-06 02:12:48', '2018-02-06 02:12:48'),
(8, 1, 17, '2018-02-06 02:12:48', '2018-02-06 02:12:48'),
(9, 1, 20, '2018-02-06 02:12:48', '2018-02-06 02:12:48'),
(10, 2, 5, '2018-02-06 02:12:48', '2018-02-06 02:12:48'),
(11, 2, 6, '2018-02-06 02:12:48', '2018-02-06 02:12:48'),
(12, 2, 7, '2018-02-06 02:12:48', '2018-02-06 02:12:48'),
(13, 2, 12, '2018-02-06 02:12:48', '2018-02-06 02:12:48'),
(14, 2, 14, '2018-02-06 02:12:48', '2018-02-06 02:12:48'),
(15, 2, 15, '2018-02-06 02:12:48', '2018-02-06 02:12:48'),
(16, 3, 4, '2018-02-06 02:12:48', '2018-02-06 02:12:48'),
(17, 3, 10, '2018-02-06 02:12:48', '2018-02-06 02:12:48'),
(18, 3, 14, '2018-02-06 02:12:48', '2018-02-06 02:12:48'),
(19, 4, 1, '2018-02-06 02:12:48', '2018-02-06 02:12:48'),
(20, 4, 6, '2018-02-06 02:12:48', '2018-02-06 02:12:48'),
(21, 4, 15, '2018-02-06 02:12:48', '2018-02-06 02:12:48'),
(22, 4, 19, '2018-02-06 02:12:48', '2018-02-06 02:12:48'),
(23, 5, 1, '2018-02-06 02:12:48', '2018-02-06 02:12:48'),
(24, 5, 3, '2018-02-06 02:12:48', '2018-02-06 02:12:48'),
(25, 5, 7, '2018-02-06 02:12:48', '2018-02-06 02:12:48'),
(26, 5, 9, '2018-02-06 02:12:48', '2018-02-06 02:12:48'),
(27, 5, 15, '2018-02-06 02:12:48', '2018-02-06 02:12:48'),
(28, 5, 17, '2018-02-06 02:12:48', '2018-02-06 02:12:48'),
(29, 6, 6, '2018-02-06 02:12:48', '2018-02-06 02:12:48'),
(30, 7, 4, '2018-02-06 02:12:48', '2018-02-06 02:12:48'),
(31, 7, 6, '2018-02-06 02:12:48', '2018-02-06 02:12:48'),
(32, 7, 7, '2018-02-06 02:12:48', '2018-02-06 02:12:48'),
(33, 7, 9, '2018-02-06 02:12:48', '2018-02-06 02:12:48'),
(34, 7, 15, '2018-02-06 02:12:48', '2018-02-06 02:12:48'),
(35, 7, 18, '2018-02-06 02:12:48', '2018-02-06 02:12:48'),
(36, 8, 1, '2018-02-06 02:12:48', '2018-02-06 02:12:48'),
(37, 8, 3, '2018-02-06 02:12:48', '2018-02-06 02:12:48'),
(38, 8, 5, '2018-02-06 02:12:48', '2018-02-06 02:12:48'),
(39, 8, 6, '2018-02-06 02:12:48', '2018-02-06 02:12:48'),
(40, 8, 7, '2018-02-06 02:12:48', '2018-02-06 02:12:48'),
(41, 8, 10, '2018-02-06 02:12:48', '2018-02-06 02:12:48'),
(42, 8, 13, '2018-02-06 02:12:48', '2018-02-06 02:12:48'),
(43, 9, 2, '2018-02-06 02:12:48', '2018-02-06 02:12:48'),
(44, 9, 3, '2018-02-06 02:12:48', '2018-02-06 02:12:48'),
(45, 9, 5, '2018-02-06 02:12:48', '2018-02-06 02:12:48'),
(46, 9, 12, '2018-02-06 02:12:48', '2018-02-06 02:12:48'),
(47, 9, 15, '2018-02-06 02:12:48', '2018-02-06 02:12:48'),
(48, 9, 18, '2018-02-06 02:12:48', '2018-02-06 02:12:48'),
(49, 10, 1, '2018-02-06 02:12:48', '2018-02-06 02:12:48'),
(50, 10, 6, '2018-02-06 02:12:48', '2018-02-06 02:12:48'),
(51, 10, 11, '2018-02-06 02:12:48', '2018-02-06 02:12:48'),
(52, 10, 13, '2018-02-06 02:12:48', '2018-02-06 02:12:48'),
(53, 10, 16, '2018-02-06 02:12:48', '2018-02-06 02:12:48'),
(54, 10, 20, '2018-02-06 02:12:48', '2018-02-06 02:12:48'),
(55, 11, 1, '2018-02-06 02:12:48', '2018-02-06 02:12:48'),
(56, 11, 4, '2018-02-06 02:12:48', '2018-02-06 02:12:48'),
(57, 11, 6, '2018-02-06 02:12:48', '2018-02-06 02:12:48'),
(58, 11, 7, '2018-02-06 02:12:48', '2018-02-06 02:12:48'),
(59, 11, 10, '2018-02-06 02:12:48', '2018-02-06 02:12:48'),
(60, 11, 11, '2018-02-06 02:12:48', '2018-02-06 02:12:48'),
(61, 11, 13, '2018-02-06 02:12:48', '2018-02-06 02:12:48'),
(62, 11, 16, '2018-02-06 02:12:48', '2018-02-06 02:12:48'),
(63, 11, 17, '2018-02-06 02:12:48', '2018-02-06 02:12:48'),
(64, 11, 20, '2018-02-06 02:12:48', '2018-02-06 02:12:48'),
(65, 12, 3, '2018-02-06 02:12:48', '2018-02-06 02:12:48'),
(66, 12, 5, '2018-02-06 02:12:48', '2018-02-06 02:12:48'),
(67, 12, 7, '2018-02-06 02:12:48', '2018-02-06 02:12:48'),
(68, 12, 11, '2018-02-06 02:12:48', '2018-02-06 02:12:48'),
(69, 12, 17, '2018-02-06 02:12:48', '2018-02-06 02:12:48'),
(70, 12, 18, '2018-02-06 02:12:48', '2018-02-06 02:12:48'),
(71, 12, 20, '2018-02-06 02:12:48', '2018-02-06 02:12:48'),
(72, 13, 1, '2018-02-06 02:12:48', '2018-02-06 02:12:48'),
(73, 13, 2, '2018-02-06 02:12:48', '2018-02-06 02:12:48'),
(74, 13, 8, '2018-02-06 02:12:48', '2018-02-06 02:12:48'),
(75, 13, 9, '2018-02-06 02:12:48', '2018-02-06 02:12:48'),
(76, 13, 10, '2018-02-06 02:12:48', '2018-02-06 02:12:48'),
(77, 13, 14, '2018-02-06 02:12:48', '2018-02-06 02:12:48'),
(78, 13, 15, '2018-02-06 02:12:48', '2018-02-06 02:12:48'),
(79, 13, 16, '2018-02-06 02:12:48', '2018-02-06 02:12:48'),
(80, 13, 18, '2018-02-06 02:12:48', '2018-02-06 02:12:48'),
(81, 13, 20, '2018-02-06 02:12:48', '2018-02-06 02:12:48'),
(82, 14, 11, '2018-02-06 02:12:48', '2018-02-06 02:12:48'),
(83, 15, 2, '2018-02-06 02:12:48', '2018-02-06 02:12:48'),
(84, 15, 5, '2018-02-06 02:12:48', '2018-02-06 02:12:48'),
(85, 15, 9, '2018-02-06 02:12:48', '2018-02-06 02:12:48'),
(86, 15, 12, '2018-02-06 02:12:48', '2018-02-06 02:12:48'),
(87, 15, 13, '2018-02-06 02:12:48', '2018-02-06 02:12:48'),
(88, 15, 15, '2018-02-06 02:12:48', '2018-02-06 02:12:48'),
(89, 15, 17, '2018-02-06 02:12:48', '2018-02-06 02:12:48'),
(90, 15, 20, '2018-02-06 02:12:48', '2018-02-06 02:12:48'),
(91, 16, 2, '2018-02-06 02:12:48', '2018-02-06 02:12:48'),
(92, 16, 5, '2018-02-06 02:12:48', '2018-02-06 02:12:48'),
(93, 16, 10, '2018-02-06 02:12:48', '2018-02-06 02:12:48'),
(94, 16, 12, '2018-02-06 02:12:48', '2018-02-06 02:12:48'),
(95, 16, 14, '2018-02-06 02:12:48', '2018-02-06 02:12:48'),
(96, 16, 18, '2018-02-06 02:12:48', '2018-02-06 02:12:48'),
(97, 16, 19, '2018-02-06 02:12:48', '2018-02-06 02:12:48'),
(98, 16, 20, '2018-02-06 02:12:48', '2018-02-06 02:12:48'),
(99, 17, 6, '2018-02-06 02:12:48', '2018-02-06 02:12:48'),
(100, 17, 8, '2018-02-06 02:12:48', '2018-02-06 02:12:48'),
(101, 17, 9, '2018-02-06 02:12:48', '2018-02-06 02:12:48'),
(102, 17, 10, '2018-02-06 02:12:48', '2018-02-06 02:12:48'),
(103, 17, 13, '2018-02-06 02:12:48', '2018-02-06 02:12:48'),
(104, 17, 14, '2018-02-06 02:12:48', '2018-02-06 02:12:48'),
(105, 17, 17, '2018-02-06 02:12:48', '2018-02-06 02:12:48'),
(106, 17, 19, '2018-02-06 02:12:48', '2018-02-06 02:12:48'),
(107, 18, 1, '2018-02-06 02:12:48', '2018-02-06 02:12:48'),
(108, 18, 2, '2018-02-06 02:12:48', '2018-02-06 02:12:48'),
(109, 18, 4, '2018-02-06 02:12:48', '2018-02-06 02:12:48'),
(110, 18, 5, '2018-02-06 02:12:48', '2018-02-06 02:12:48'),
(111, 18, 8, '2018-02-06 02:12:48', '2018-02-06 02:12:48'),
(112, 18, 10, '2018-02-06 02:12:48', '2018-02-06 02:12:48'),
(113, 18, 13, '2018-02-06 02:12:48', '2018-02-06 02:12:48'),
(114, 18, 14, '2018-02-06 02:12:48', '2018-02-06 02:12:48'),
(115, 18, 17, '2018-02-06 02:12:48', '2018-02-06 02:12:48'),
(116, 18, 18, '2018-02-06 02:12:48', '2018-02-06 02:12:48'),
(117, 19, 7, '2018-02-06 02:12:48', '2018-02-06 02:12:48'),
(118, 19, 8, '2018-02-06 02:12:48', '2018-02-06 02:12:48'),
(119, 19, 12, '2018-02-06 02:12:48', '2018-02-06 02:12:48'),
(120, 19, 18, '2018-02-06 02:12:48', '2018-02-06 02:12:48'),
(121, 20, 3, '2018-02-06 02:12:48', '2018-02-06 02:12:48'),
(122, 20, 4, '2018-02-06 02:12:48', '2018-02-06 02:12:48'),
(123, 20, 11, '2018-02-06 02:12:48', '2018-02-06 02:12:48'),
(124, 20, 14, '2018-02-06 02:12:48', '2018-02-06 02:12:48'),
(125, 20, 16, '2018-02-06 02:12:48', '2018-02-06 02:12:48'),
(126, 20, 18, '2018-02-06 02:12:48', '2018-02-06 02:12:48'),
(127, 20, 19, '2018-02-06 02:12:48', '2018-02-06 02:12:48');

-- --------------------------------------------------------

--
-- Table structure for table `user_favorite`
--

CREATE TABLE `user_favorite` (
  `id` int(10) UNSIGNED NOT NULL,
  `user_id` int(10) UNSIGNED NOT NULL,
  `article_id` int(10) UNSIGNED NOT NULL,
  `created_at` timestamp NULL DEFAULT NULL,
  `updated_at` timestamp NULL DEFAULT NULL
) ENGINE=InnoDB DEFAULT CHARSET=utf8 COLLATE=utf8_unicode_ci;

--
-- Dumping data for table `user_favorite`
--

INSERT INTO `user_favorite` (`id`, `user_id`, `article_id`, `created_at`, `updated_at`) VALUES
(1, 14, 1, NULL, NULL),
(2, 12, 1, NULL, NULL),
(3, 15, 1, NULL, NULL),
(4, 5, 1, NULL, NULL),
(5, 18, 1, NULL, NULL),
(6, 4, 1, NULL, NULL),
(7, 8, 1, NULL, NULL),
(8, 17, 1, NULL, NULL),
(9, 13, 1, NULL, NULL),
(10, 3, 1, NULL, NULL),
(11, 1, 1, NULL, NULL),
(12, 9, 1, NULL, NULL),
(13, 16, 1, NULL, NULL),
(14, 6, 1, NULL, NULL),
(15, 10, 1, NULL, NULL),
(16, 20, 1, NULL, NULL),
(17, 11, 1, NULL, NULL),
(18, 2, 1, NULL, NULL),
(19, 7, 1, NULL, NULL),
(20, 19, 1, NULL, NULL),
(21, 14, 2, NULL, NULL),
(22, 12, 2, NULL, NULL),
(23, 15, 2, NULL, NULL),
(24, 5, 2, NULL, NULL),
(25, 18, 2, NULL, NULL),
(26, 4, 2, NULL, NULL),
(27, 8, 2, NULL, NULL),
(28, 17, 2, NULL, NULL),
(29, 13, 2, NULL, NULL),
(30, 3, 2, NULL, NULL),
(31, 1, 2, NULL, NULL),
(32, 9, 2, NULL, NULL),
(33, 16, 2, NULL, NULL),
(34, 6, 2, NULL, NULL),
(35, 10, 2, NULL, NULL),
(36, 20, 2, NULL, NULL),
(37, 11, 2, NULL, NULL),
(38, 2, 2, NULL, NULL),
(39, 7, 2, NULL, NULL),
(40, 19, 2, NULL, NULL),
(41, 14, 3, NULL, NULL),
(42, 12, 3, NULL, NULL),
(43, 15, 3, NULL, NULL),
(44, 5, 3, NULL, NULL),
(45, 18, 3, NULL, NULL),
(46, 4, 3, NULL, NULL),
(47, 8, 3, NULL, NULL),
(48, 17, 3, NULL, NULL),
(49, 13, 3, NULL, NULL),
(50, 3, 3, NULL, NULL),
(51, 1, 3, NULL, NULL),
(52, 9, 3, NULL, NULL),
(53, 16, 3, NULL, NULL),
(54, 6, 3, NULL, NULL),
(55, 10, 3, NULL, NULL),
(56, 20, 3, NULL, NULL),
(57, 11, 3, NULL, NULL),
(58, 2, 3, NULL, NULL),
(59, 7, 3, NULL, NULL),
(60, 19, 3, NULL, NULL),
(61, 14, 4, NULL, NULL),
(62, 12, 4, NULL, NULL),
(63, 15, 4, NULL, NULL),
(64, 5, 4, NULL, NULL),
(65, 18, 4, NULL, NULL),
(66, 4, 4, NULL, NULL),
(67, 8, 4, NULL, NULL),
(68, 17, 4, NULL, NULL),
(69, 13, 4, NULL, NULL),
(70, 3, 4, NULL, NULL),
(71, 1, 4, NULL, NULL),
(72, 9, 4, NULL, NULL),
(73, 16, 4, NULL, NULL),
(74, 6, 4, NULL, NULL),
(75, 10, 4, NULL, NULL),
(76, 20, 4, NULL, NULL),
(77, 11, 4, NULL, NULL),
(78, 2, 4, NULL, NULL),
(79, 7, 4, NULL, NULL),
(80, 19, 4, NULL, NULL),
(81, 14, 5, NULL, NULL),
(82, 12, 5, NULL, NULL),
(83, 15, 5, NULL, NULL),
(84, 5, 5, NULL, NULL),
(85, 18, 5, NULL, NULL),
(86, 4, 5, NULL, NULL),
(87, 8, 5, NULL, NULL),
(88, 17, 5, NULL, NULL),
(89, 13, 5, NULL, NULL),
(90, 3, 5, NULL, NULL),
(91, 1, 5, NULL, NULL),
(92, 9, 5, NULL, NULL),
(93, 16, 5, NULL, NULL),
(94, 6, 5, NULL, NULL),
(95, 10, 5, NULL, NULL),
(96, 20, 5, NULL, NULL),
(97, 11, 5, NULL, NULL),
(98, 2, 5, NULL, NULL),
(99, 7, 5, NULL, NULL),
(100, 19, 5, NULL, NULL),
(101, 14, 6, NULL, NULL),
(102, 12, 6, NULL, NULL),
(103, 15, 6, NULL, NULL),
(104, 5, 6, NULL, NULL),
(105, 18, 6, NULL, NULL),
(106, 4, 6, NULL, NULL),
(107, 8, 6, NULL, NULL),
(108, 17, 6, NULL, NULL),
(109, 13, 6, NULL, NULL),
(110, 3, 6, NULL, NULL),
(111, 1, 6, NULL, NULL),
(112, 9, 6, NULL, NULL),
(113, 16, 6, NULL, NULL),
(114, 6, 6, NULL, NULL),
(115, 10, 6, NULL, NULL),
(116, 20, 6, NULL, NULL),
(117, 11, 6, NULL, NULL),
(118, 2, 6, NULL, NULL),
(119, 7, 6, NULL, NULL),
(120, 19, 6, NULL, NULL),
(121, 14, 7, NULL, NULL),
(122, 12, 7, NULL, NULL),
(123, 15, 7, NULL, NULL),
(124, 5, 7, NULL, NULL),
(125, 18, 7, NULL, NULL),
(126, 4, 7, NULL, NULL),
(127, 8, 7, NULL, NULL),
(128, 17, 7, NULL, NULL),
(129, 13, 7, NULL, NULL),
(130, 3, 7, NULL, NULL),
(131, 1, 7, NULL, NULL),
(132, 9, 7, NULL, NULL),
(133, 16, 7, NULL, NULL),
(134, 6, 7, NULL, NULL),
(135, 10, 7, NULL, NULL),
(136, 20, 7, NULL, NULL),
(137, 11, 7, NULL, NULL),
(138, 2, 7, NULL, NULL),
(139, 7, 7, NULL, NULL),
(140, 19, 7, NULL, NULL),
(141, 14, 8, NULL, NULL),
(142, 12, 8, NULL, NULL),
(143, 15, 8, NULL, NULL),
(144, 5, 8, NULL, NULL),
(145, 18, 8, NULL, NULL),
(146, 4, 8, NULL, NULL),
(147, 8, 8, NULL, NULL),
(148, 17, 8, NULL, NULL),
(149, 13, 8, NULL, NULL),
(150, 3, 8, NULL, NULL),
(151, 1, 8, NULL, NULL),
(152, 9, 8, NULL, NULL),
(153, 16, 8, NULL, NULL),
(154, 6, 8, NULL, NULL),
(155, 10, 8, NULL, NULL),
(156, 20, 8, NULL, NULL),
(157, 11, 8, NULL, NULL),
(158, 2, 8, NULL, NULL),
(159, 7, 8, NULL, NULL),
(160, 19, 8, NULL, NULL),
(161, 14, 9, NULL, NULL),
(162, 12, 9, NULL, NULL),
(163, 15, 9, NULL, NULL),
(164, 5, 9, NULL, NULL),
(165, 18, 9, NULL, NULL),
(166, 4, 9, NULL, NULL),
(167, 8, 9, NULL, NULL),
(168, 17, 9, NULL, NULL),
(169, 13, 9, NULL, NULL),
(170, 3, 9, NULL, NULL),
(171, 1, 9, NULL, NULL),
(172, 9, 9, NULL, NULL),
(173, 16, 9, NULL, NULL),
(174, 6, 9, NULL, NULL),
(175, 10, 9, NULL, NULL),
(176, 20, 9, NULL, NULL),
(177, 11, 9, NULL, NULL),
(178, 2, 9, NULL, NULL),
(179, 7, 9, NULL, NULL),
(180, 19, 9, NULL, NULL),
(181, 14, 10, NULL, NULL),
(182, 12, 10, NULL, NULL),
(183, 15, 10, NULL, NULL),
(184, 5, 10, NULL, NULL),
(185, 18, 10, NULL, NULL),
(186, 4, 10, NULL, NULL),
(187, 8, 10, NULL, NULL),
(188, 17, 10, NULL, NULL),
(189, 13, 10, NULL, NULL),
(190, 3, 10, NULL, NULL),
(191, 1, 10, NULL, NULL),
(192, 9, 10, NULL, NULL),
(193, 16, 10, NULL, NULL),
(194, 6, 10, NULL, NULL),
(195, 10, 10, NULL, NULL),
(196, 20, 10, NULL, NULL),
(197, 11, 10, NULL, NULL),
(198, 2, 10, NULL, NULL),
(199, 7, 10, NULL, NULL),
(200, 19, 10, NULL, NULL),
(201, 14, 11, NULL, NULL),
(202, 12, 11, NULL, NULL),
(203, 15, 11, NULL, NULL),
(204, 5, 11, NULL, NULL),
(205, 18, 11, NULL, NULL),
(206, 4, 11, NULL, NULL),
(207, 8, 11, NULL, NULL),
(208, 17, 11, NULL, NULL),
(209, 13, 11, NULL, NULL),
(210, 3, 11, NULL, NULL),
(211, 1, 11, NULL, NULL),
(212, 9, 11, NULL, NULL),
(213, 16, 11, NULL, NULL),
(214, 6, 11, NULL, NULL),
(215, 10, 11, NULL, NULL),
(216, 20, 11, NULL, NULL),
(217, 11, 11, NULL, NULL),
(218, 2, 11, NULL, NULL),
(219, 7, 11, NULL, NULL),
(220, 19, 11, NULL, NULL),
(221, 14, 12, NULL, NULL),
(222, 12, 12, NULL, NULL),
(223, 15, 12, NULL, NULL),
(224, 5, 12, NULL, NULL),
(225, 18, 12, NULL, NULL),
(226, 4, 12, NULL, NULL),
(227, 8, 12, NULL, NULL),
(228, 17, 12, NULL, NULL),
(229, 13, 12, NULL, NULL),
(230, 3, 12, NULL, NULL),
(231, 1, 12, NULL, NULL),
(232, 9, 12, NULL, NULL),
(233, 16, 12, NULL, NULL),
(234, 6, 12, NULL, NULL),
(235, 10, 12, NULL, NULL),
(236, 20, 12, NULL, NULL),
(237, 11, 12, NULL, NULL),
(238, 2, 12, NULL, NULL),
(239, 7, 12, NULL, NULL),
(240, 19, 12, NULL, NULL),
(241, 14, 13, NULL, NULL),
(242, 12, 13, NULL, NULL),
(243, 15, 13, NULL, NULL),
(244, 5, 13, NULL, NULL),
(245, 18, 13, NULL, NULL),
(246, 4, 13, NULL, NULL),
(247, 8, 13, NULL, NULL),
(248, 17, 13, NULL, NULL),
(249, 13, 13, NULL, NULL),
(250, 3, 13, NULL, NULL),
(251, 1, 13, NULL, NULL),
(252, 9, 13, NULL, NULL),
(253, 16, 13, NULL, NULL),
(254, 6, 13, NULL, NULL),
(255, 10, 13, NULL, NULL),
(256, 20, 13, NULL, NULL),
(257, 11, 13, NULL, NULL),
(258, 2, 13, NULL, NULL),
(259, 7, 13, NULL, NULL),
(260, 19, 13, NULL, NULL),
(261, 14, 14, NULL, NULL),
(262, 12, 14, NULL, NULL),
(263, 15, 14, NULL, NULL),
(264, 5, 14, NULL, NULL),
(265, 18, 14, NULL, NULL),
(266, 4, 14, NULL, NULL),
(267, 8, 14, NULL, NULL),
(268, 17, 14, NULL, NULL),
(269, 13, 14, NULL, NULL),
(270, 3, 14, NULL, NULL),
(271, 1, 14, NULL, NULL),
(272, 9, 14, NULL, NULL),
(273, 16, 14, NULL, NULL),
(274, 6, 14, NULL, NULL),
(275, 10, 14, NULL, NULL),
(276, 20, 14, NULL, NULL),
(277, 11, 14, NULL, NULL),
(278, 2, 14, NULL, NULL),
(279, 7, 14, NULL, NULL),
(280, 19, 14, NULL, NULL),
(281, 14, 15, NULL, NULL),
(282, 12, 15, NULL, NULL),
(283, 15, 15, NULL, NULL),
(284, 5, 15, NULL, NULL),
(285, 18, 15, NULL, NULL),
(286, 4, 15, NULL, NULL),
(287, 8, 15, NULL, NULL),
(288, 17, 15, NULL, NULL),
(289, 13, 15, NULL, NULL),
(290, 3, 15, NULL, NULL),
(291, 1, 15, NULL, NULL),
(292, 9, 15, NULL, NULL),
(293, 16, 15, NULL, NULL),
(294, 6, 15, NULL, NULL),
(295, 10, 15, NULL, NULL),
(296, 20, 15, NULL, NULL),
(297, 11, 15, NULL, NULL),
(298, 2, 15, NULL, NULL),
(299, 7, 15, NULL, NULL),
(300, 19, 15, NULL, NULL),
(301, 14, 16, NULL, NULL),
(302, 12, 16, NULL, NULL),
(303, 15, 16, NULL, NULL),
(304, 5, 16, NULL, NULL),
(305, 18, 16, NULL, NULL),
(306, 4, 16, NULL, NULL),
(307, 8, 16, NULL, NULL),
(308, 17, 16, NULL, NULL),
(309, 13, 16, NULL, NULL),
(310, 3, 16, NULL, NULL),
(311, 1, 16, NULL, NULL),
(312, 9, 16, NULL, NULL),
(313, 16, 16, NULL, NULL),
(314, 6, 16, NULL, NULL),
(315, 10, 16, NULL, NULL),
(316, 20, 16, NULL, NULL),
(317, 11, 16, NULL, NULL),
(318, 2, 16, NULL, NULL),
(319, 7, 16, NULL, NULL),
(320, 19, 16, NULL, NULL),
(321, 14, 17, NULL, NULL),
(322, 12, 17, NULL, NULL),
(323, 15, 17, NULL, NULL),
(324, 5, 17, NULL, NULL),
(325, 18, 17, NULL, NULL),
(326, 4, 17, NULL, NULL),
(327, 8, 17, NULL, NULL),
(328, 17, 17, NULL, NULL),
(329, 13, 17, NULL, NULL),
(330, 3, 17, NULL, NULL),
(331, 1, 17, NULL, NULL),
(332, 9, 17, NULL, NULL),
(333, 16, 17, NULL, NULL),
(334, 6, 17, NULL, NULL),
(335, 10, 17, NULL, NULL),
(336, 20, 17, NULL, NULL),
(337, 11, 17, NULL, NULL),
(338, 2, 17, NULL, NULL),
(339, 7, 17, NULL, NULL),
(340, 19, 17, NULL, NULL),
(341, 14, 18, NULL, NULL),
(342, 12, 18, NULL, NULL),
(343, 15, 18, NULL, NULL),
(344, 5, 18, NULL, NULL),
(345, 18, 18, NULL, NULL),
(346, 4, 18, NULL, NULL),
(347, 8, 18, NULL, NULL),
(348, 17, 18, NULL, NULL),
(349, 13, 18, NULL, NULL),
(350, 3, 18, NULL, NULL),
(351, 1, 18, NULL, NULL),
(352, 9, 18, NULL, NULL),
(353, 16, 18, NULL, NULL),
(354, 6, 18, NULL, NULL),
(355, 10, 18, NULL, NULL),
(356, 20, 18, NULL, NULL),
(357, 11, 18, NULL, NULL),
(358, 2, 18, NULL, NULL),
(359, 7, 18, NULL, NULL),
(360, 19, 18, NULL, NULL),
(361, 14, 19, NULL, NULL),
(362, 12, 19, NULL, NULL),
(363, 15, 19, NULL, NULL),
(364, 5, 19, NULL, NULL),
(365, 18, 19, NULL, NULL),
(366, 4, 19, NULL, NULL),
(367, 8, 19, NULL, NULL),
(368, 17, 19, NULL, NULL),
(369, 13, 19, NULL, NULL),
(370, 3, 19, NULL, NULL),
(371, 1, 19, NULL, NULL),
(372, 9, 19, NULL, NULL),
(373, 16, 19, NULL, NULL),
(374, 6, 19, NULL, NULL),
(375, 10, 19, NULL, NULL),
(376, 20, 19, NULL, NULL),
(377, 11, 19, NULL, NULL),
(378, 2, 19, NULL, NULL),
(379, 7, 19, NULL, NULL),
(380, 19, 19, NULL, NULL),
(381, 14, 20, NULL, NULL),
(382, 12, 20, NULL, NULL),
(383, 15, 20, NULL, NULL),
(384, 5, 20, NULL, NULL),
(385, 18, 20, NULL, NULL),
(386, 4, 20, NULL, NULL),
(387, 8, 20, NULL, NULL),
(388, 17, 20, NULL, NULL),
(389, 13, 20, NULL, NULL),
(390, 3, 20, NULL, NULL),
(391, 1, 20, NULL, NULL),
(392, 9, 20, NULL, NULL),
(393, 16, 20, NULL, NULL),
(394, 6, 20, NULL, NULL),
(395, 10, 20, NULL, NULL),
(396, 20, 20, NULL, NULL),
(397, 11, 20, NULL, NULL),
(398, 2, 20, NULL, NULL),
(399, 7, 20, NULL, NULL),
(400, 19, 20, NULL, NULL),
(401, 14, 21, NULL, NULL),
(402, 12, 21, NULL, NULL),
(403, 15, 21, NULL, NULL),
(404, 5, 21, NULL, NULL),
(405, 18, 21, NULL, NULL),
(406, 4, 21, NULL, NULL),
(407, 8, 21, NULL, NULL),
(408, 17, 21, NULL, NULL),
(409, 13, 21, NULL, NULL),
(410, 3, 21, NULL, NULL),
(411, 1, 21, NULL, NULL),
(412, 9, 21, NULL, NULL),
(413, 16, 21, NULL, NULL),
(414, 6, 21, NULL, NULL),
(415, 10, 21, NULL, NULL),
(416, 20, 21, NULL, NULL),
(417, 11, 21, NULL, NULL),
(418, 2, 21, NULL, NULL),
(419, 7, 21, NULL, NULL),
(420, 19, 21, NULL, NULL),
(421, 14, 22, NULL, NULL),
(422, 12, 22, NULL, NULL),
(423, 15, 22, NULL, NULL),
(424, 5, 22, NULL, NULL),
(425, 18, 22, NULL, NULL),
(426, 4, 22, NULL, NULL),
(427, 8, 22, NULL, NULL),
(428, 17, 22, NULL, NULL),
(429, 13, 22, NULL, NULL),
(430, 3, 22, NULL, NULL),
(431, 1, 22, NULL, NULL),
(432, 9, 22, NULL, NULL),
(433, 16, 22, NULL, NULL),
(434, 6, 22, NULL, NULL),
(435, 10, 22, NULL, NULL),
(436, 20, 22, NULL, NULL),
(437, 11, 22, NULL, NULL),
(438, 2, 22, NULL, NULL),
(439, 7, 22, NULL, NULL),
(440, 19, 22, NULL, NULL),
(441, 14, 23, NULL, NULL),
(442, 12, 23, NULL, NULL),
(443, 15, 23, NULL, NULL),
(444, 5, 23, NULL, NULL),
(445, 18, 23, NULL, NULL),
(446, 4, 23, NULL, NULL),
(447, 8, 23, NULL, NULL),
(448, 17, 23, NULL, NULL),
(449, 13, 23, NULL, NULL),
(450, 3, 23, NULL, NULL),
(451, 1, 23, NULL, NULL),
(452, 9, 23, NULL, NULL),
(453, 16, 23, NULL, NULL),
(454, 6, 23, NULL, NULL),
(455, 10, 23, NULL, NULL),
(456, 20, 23, NULL, NULL),
(457, 11, 23, NULL, NULL),
(458, 2, 23, NULL, NULL),
(459, 7, 23, NULL, NULL),
(460, 19, 23, NULL, NULL),
(461, 14, 24, NULL, NULL),
(462, 12, 24, NULL, NULL),
(463, 15, 24, NULL, NULL),
(464, 5, 24, NULL, NULL),
(465, 18, 24, NULL, NULL),
(466, 4, 24, NULL, NULL),
(467, 8, 24, NULL, NULL),
(468, 17, 24, NULL, NULL),
(469, 13, 24, NULL, NULL),
(470, 3, 24, NULL, NULL),
(471, 1, 24, NULL, NULL),
(472, 9, 24, NULL, NULL),
(473, 16, 24, NULL, NULL),
(474, 6, 24, NULL, NULL),
(475, 10, 24, NULL, NULL),
(476, 20, 24, NULL, NULL),
(477, 11, 24, NULL, NULL),
(478, 2, 24, NULL, NULL),
(479, 7, 24, NULL, NULL),
(480, 19, 24, NULL, NULL),
(481, 14, 25, NULL, NULL),
(482, 12, 25, NULL, NULL),
(483, 15, 25, NULL, NULL),
(484, 5, 25, NULL, NULL),
(485, 18, 25, NULL, NULL),
(486, 4, 25, NULL, NULL),
(487, 8, 25, NULL, NULL),
(488, 17, 25, NULL, NULL),
(489, 13, 25, NULL, NULL),
(490, 3, 25, NULL, NULL),
(491, 1, 25, NULL, NULL),
(492, 9, 25, NULL, NULL),
(493, 16, 25, NULL, NULL),
(494, 6, 25, NULL, NULL),
(495, 10, 25, NULL, NULL),
(496, 20, 25, NULL, NULL),
(497, 11, 25, NULL, NULL),
(498, 2, 25, NULL, NULL),
(499, 7, 25, NULL, NULL),
(500, 19, 25, NULL, NULL),
(501, 14, 26, NULL, NULL),
(502, 12, 26, NULL, NULL),
(503, 15, 26, NULL, NULL),
(504, 5, 26, NULL, NULL),
(505, 18, 26, NULL, NULL),
(506, 4, 26, NULL, NULL),
(507, 8, 26, NULL, NULL),
(508, 17, 26, NULL, NULL),
(509, 13, 26, NULL, NULL),
(510, 3, 26, NULL, NULL),
(511, 1, 26, NULL, NULL),
(512, 9, 26, NULL, NULL),
(513, 16, 26, NULL, NULL),
(514, 6, 26, NULL, NULL),
(515, 10, 26, NULL, NULL),
(516, 20, 26, NULL, NULL),
(517, 11, 26, NULL, NULL),
(518, 2, 26, NULL, NULL),
(519, 7, 26, NULL, NULL),
(520, 19, 26, NULL, NULL),
(521, 14, 27, NULL, NULL),
(522, 12, 27, NULL, NULL),
(523, 15, 27, NULL, NULL),
(524, 5, 27, NULL, NULL),
(525, 18, 27, NULL, NULL),
(526, 4, 27, NULL, NULL),
(527, 8, 27, NULL, NULL),
(528, 17, 27, NULL, NULL),
(529, 13, 27, NULL, NULL),
(530, 3, 27, NULL, NULL),
(531, 1, 27, NULL, NULL),
(532, 9, 27, NULL, NULL),
(533, 16, 27, NULL, NULL),
(534, 6, 27, NULL, NULL),
(535, 10, 27, NULL, NULL),
(536, 20, 27, NULL, NULL),
(537, 11, 27, NULL, NULL),
(538, 2, 27, NULL, NULL),
(539, 7, 27, NULL, NULL),
(540, 19, 27, NULL, NULL),
(541, 14, 28, NULL, NULL),
(542, 12, 28, NULL, NULL),
(543, 15, 28, NULL, NULL),
(544, 5, 28, NULL, NULL),
(545, 18, 28, NULL, NULL),
(546, 4, 28, NULL, NULL),
(547, 8, 28, NULL, NULL),
(548, 17, 28, NULL, NULL),
(549, 13, 28, NULL, NULL),
(550, 3, 28, NULL, NULL),
(551, 1, 28, NULL, NULL),
(552, 9, 28, NULL, NULL),
(553, 16, 28, NULL, NULL),
(554, 6, 28, NULL, NULL),
(555, 10, 28, NULL, NULL),
(556, 20, 28, NULL, NULL),
(557, 11, 28, NULL, NULL),
(558, 2, 28, NULL, NULL),
(559, 7, 28, NULL, NULL),
(560, 19, 28, NULL, NULL),
(561, 14, 29, NULL, NULL),
(562, 12, 29, NULL, NULL),
(563, 15, 29, NULL, NULL),
(564, 5, 29, NULL, NULL),
(565, 18, 29, NULL, NULL),
(566, 4, 29, NULL, NULL),
(567, 8, 29, NULL, NULL),
(568, 17, 29, NULL, NULL),
(569, 13, 29, NULL, NULL),
(570, 3, 29, NULL, NULL),
(571, 1, 29, NULL, NULL),
(572, 9, 29, NULL, NULL),
(573, 16, 29, NULL, NULL),
(574, 6, 29, NULL, NULL),
(575, 10, 29, NULL, NULL),
(576, 20, 29, NULL, NULL),
(577, 11, 29, NULL, NULL),
(578, 2, 29, NULL, NULL),
(579, 7, 29, NULL, NULL),
(580, 19, 29, NULL, NULL),
(581, 14, 30, NULL, NULL),
(582, 12, 30, NULL, NULL),
(583, 15, 30, NULL, NULL),
(584, 5, 30, NULL, NULL),
(585, 18, 30, NULL, NULL),
(586, 4, 30, NULL, NULL),
(587, 8, 30, NULL, NULL),
(588, 17, 30, NULL, NULL),
(589, 13, 30, NULL, NULL),
(590, 3, 30, NULL, NULL),
(591, 1, 30, NULL, NULL),
(592, 9, 30, NULL, NULL),
(593, 16, 30, NULL, NULL),
(594, 6, 30, NULL, NULL),
(595, 10, 30, NULL, NULL),
(596, 20, 30, NULL, NULL),
(597, 11, 30, NULL, NULL),
(598, 2, 30, NULL, NULL),
(599, 7, 30, NULL, NULL),
(600, 19, 30, NULL, NULL),
(601, 14, 31, NULL, NULL),
(602, 12, 31, NULL, NULL),
(603, 15, 31, NULL, NULL),
(604, 5, 31, NULL, NULL),
(605, 18, 31, NULL, NULL),
(606, 4, 31, NULL, NULL),
(607, 8, 31, NULL, NULL),
(608, 17, 31, NULL, NULL),
(609, 13, 31, NULL, NULL),
(610, 3, 31, NULL, NULL),
(611, 1, 31, NULL, NULL),
(612, 9, 31, NULL, NULL),
(613, 16, 31, NULL, NULL),
(614, 6, 31, NULL, NULL),
(615, 10, 31, NULL, NULL),
(616, 20, 31, NULL, NULL),
(617, 11, 31, NULL, NULL),
(618, 2, 31, NULL, NULL),
(619, 7, 31, NULL, NULL),
(620, 19, 31, NULL, NULL),
(621, 14, 32, NULL, NULL),
(622, 12, 32, NULL, NULL),
(623, 15, 32, NULL, NULL),
(624, 5, 32, NULL, NULL),
(625, 18, 32, NULL, NULL),
(626, 4, 32, NULL, NULL),
(627, 8, 32, NULL, NULL),
(628, 17, 32, NULL, NULL),
(629, 13, 32, NULL, NULL),
(630, 3, 32, NULL, NULL),
(631, 1, 32, NULL, NULL),
(632, 9, 32, NULL, NULL),
(633, 16, 32, NULL, NULL),
(634, 6, 32, NULL, NULL),
(635, 10, 32, NULL, NULL),
(636, 20, 32, NULL, NULL),
(637, 11, 32, NULL, NULL),
(638, 2, 32, NULL, NULL),
(639, 7, 32, NULL, NULL),
(640, 19, 32, NULL, NULL),
(641, 14, 33, NULL, NULL),
(642, 12, 33, NULL, NULL),
(643, 15, 33, NULL, NULL),
(644, 5, 33, NULL, NULL),
(645, 18, 33, NULL, NULL),
(646, 4, 33, NULL, NULL),
(647, 8, 33, NULL, NULL),
(648, 17, 33, NULL, NULL),
(649, 13, 33, NULL, NULL),
(650, 3, 33, NULL, NULL),
(651, 1, 33, NULL, NULL),
(652, 9, 33, NULL, NULL),
(653, 16, 33, NULL, NULL),
(654, 6, 33, NULL, NULL),
(655, 10, 33, NULL, NULL),
(656, 20, 33, NULL, NULL),
(657, 11, 33, NULL, NULL),
(658, 2, 33, NULL, NULL),
(659, 7, 33, NULL, NULL),
(660, 19, 33, NULL, NULL),
(661, 14, 34, NULL, NULL),
(662, 12, 34, NULL, NULL),
(663, 15, 34, NULL, NULL),
(664, 5, 34, NULL, NULL),
(665, 18, 34, NULL, NULL),
(666, 4, 34, NULL, NULL),
(667, 8, 34, NULL, NULL),
(668, 17, 34, NULL, NULL),
(669, 13, 34, NULL, NULL),
(670, 3, 34, NULL, NULL),
(671, 1, 34, NULL, NULL),
(672, 9, 34, NULL, NULL),
(673, 16, 34, NULL, NULL),
(674, 6, 34, NULL, NULL),
(675, 10, 34, NULL, NULL),
(676, 20, 34, NULL, NULL),
(677, 11, 34, NULL, NULL),
(678, 2, 34, NULL, NULL),
(679, 7, 34, NULL, NULL),
(680, 19, 34, NULL, NULL),
(681, 14, 35, NULL, NULL),
(682, 12, 35, NULL, NULL),
(683, 15, 35, NULL, NULL),
(684, 5, 35, NULL, NULL),
(685, 18, 35, NULL, NULL),
(686, 4, 35, NULL, NULL),
(687, 8, 35, NULL, NULL),
(688, 17, 35, NULL, NULL),
(689, 13, 35, NULL, NULL),
(690, 3, 35, NULL, NULL),
(691, 1, 35, NULL, NULL),
(692, 9, 35, NULL, NULL),
(693, 16, 35, NULL, NULL),
(694, 6, 35, NULL, NULL),
(695, 10, 35, NULL, NULL),
(696, 20, 35, NULL, NULL),
(697, 11, 35, NULL, NULL),
(698, 2, 35, NULL, NULL),
(699, 7, 35, NULL, NULL),
(700, 19, 35, NULL, NULL),
(701, 14, 36, NULL, NULL),
(702, 12, 36, NULL, NULL),
(703, 15, 36, NULL, NULL),
(704, 5, 36, NULL, NULL),
(705, 18, 36, NULL, NULL),
(706, 4, 36, NULL, NULL),
(707, 8, 36, NULL, NULL),
(708, 17, 36, NULL, NULL),
(709, 13, 36, NULL, NULL),
(710, 3, 36, NULL, NULL),
(711, 1, 36, NULL, NULL),
(712, 9, 36, NULL, NULL),
(713, 16, 36, NULL, NULL),
(714, 6, 36, NULL, NULL),
(715, 10, 36, NULL, NULL),
(716, 20, 36, NULL, NULL),
(717, 11, 36, NULL, NULL),
(718, 2, 36, NULL, NULL),
(719, 7, 36, NULL, NULL),
(720, 19, 36, NULL, NULL),
(721, 14, 37, NULL, NULL),
(722, 12, 37, NULL, NULL),
(723, 15, 37, NULL, NULL),
(724, 5, 37, NULL, NULL),
(725, 18, 37, NULL, NULL),
(726, 4, 37, NULL, NULL),
(727, 8, 37, NULL, NULL),
(728, 17, 37, NULL, NULL),
(729, 13, 37, NULL, NULL),
(730, 3, 37, NULL, NULL),
(731, 1, 37, NULL, NULL),
(732, 9, 37, NULL, NULL),
(733, 16, 37, NULL, NULL),
(734, 6, 37, NULL, NULL),
(735, 10, 37, NULL, NULL),
(736, 20, 37, NULL, NULL),
(737, 11, 37, NULL, NULL),
(738, 2, 37, NULL, NULL),
(739, 7, 37, NULL, NULL),
(740, 19, 37, NULL, NULL),
(741, 14, 38, NULL, NULL),
(742, 12, 38, NULL, NULL),
(743, 15, 38, NULL, NULL),
(744, 5, 38, NULL, NULL),
(745, 18, 38, NULL, NULL),
(746, 4, 38, NULL, NULL),
(747, 8, 38, NULL, NULL),
(748, 17, 38, NULL, NULL),
(749, 13, 38, NULL, NULL),
(750, 3, 38, NULL, NULL),
(751, 1, 38, NULL, NULL),
(752, 9, 38, NULL, NULL),
(753, 16, 38, NULL, NULL),
(754, 6, 38, NULL, NULL),
(755, 10, 38, NULL, NULL),
(756, 20, 38, NULL, NULL),
(757, 11, 38, NULL, NULL),
(758, 2, 38, NULL, NULL),
(759, 7, 38, NULL, NULL),
(760, 19, 38, NULL, NULL),
(761, 14, 39, NULL, NULL),
(762, 12, 39, NULL, NULL),
(763, 15, 39, NULL, NULL),
(764, 5, 39, NULL, NULL),
(765, 18, 39, NULL, NULL),
(766, 4, 39, NULL, NULL),
(767, 8, 39, NULL, NULL),
(768, 17, 39, NULL, NULL),
(769, 13, 39, NULL, NULL),
(770, 3, 39, NULL, NULL),
(771, 1, 39, NULL, NULL),
(772, 9, 39, NULL, NULL),
(773, 16, 39, NULL, NULL),
(774, 6, 39, NULL, NULL),
(775, 10, 39, NULL, NULL),
(776, 20, 39, NULL, NULL),
(777, 11, 39, NULL, NULL),
(778, 2, 39, NULL, NULL),
(779, 7, 39, NULL, NULL),
(780, 19, 39, NULL, NULL),
(781, 14, 40, NULL, NULL),
(782, 12, 40, NULL, NULL),
(783, 15, 40, NULL, NULL),
(784, 5, 40, NULL, NULL),
(785, 18, 40, NULL, NULL),
(786, 4, 40, NULL, NULL),
(787, 8, 40, NULL, NULL),
(788, 17, 40, NULL, NULL),
(789, 13, 40, NULL, NULL),
(790, 3, 40, NULL, NULL),
(791, 1, 40, NULL, NULL),
(792, 9, 40, NULL, NULL),
(793, 16, 40, NULL, NULL),
(794, 6, 40, NULL, NULL),
(795, 10, 40, NULL, NULL),
(796, 20, 40, NULL, NULL),
(797, 11, 40, NULL, NULL),
(798, 2, 40, NULL, NULL),
(799, 7, 40, NULL, NULL),
(800, 19, 40, NULL, NULL),
(801, 14, 41, NULL, NULL),
(802, 12, 41, NULL, NULL),
(803, 15, 41, NULL, NULL),
(804, 5, 41, NULL, NULL),
(805, 18, 41, NULL, NULL),
(806, 4, 41, NULL, NULL),
(807, 8, 41, NULL, NULL),
(808, 17, 41, NULL, NULL),
(809, 13, 41, NULL, NULL),
(810, 3, 41, NULL, NULL),
(811, 1, 41, NULL, NULL),
(812, 9, 41, NULL, NULL),
(813, 16, 41, NULL, NULL),
(814, 6, 41, NULL, NULL),
(815, 10, 41, NULL, NULL),
(816, 20, 41, NULL, NULL),
(817, 11, 41, NULL, NULL),
(818, 2, 41, NULL, NULL),
(819, 7, 41, NULL, NULL),
(820, 19, 41, NULL, NULL),
(821, 14, 42, NULL, NULL),
(822, 12, 42, NULL, NULL),
(823, 15, 42, NULL, NULL),
(824, 5, 42, NULL, NULL),
(825, 18, 42, NULL, NULL),
(826, 4, 42, NULL, NULL),
(827, 8, 42, NULL, NULL),
(828, 17, 42, NULL, NULL),
(829, 13, 42, NULL, NULL),
(830, 3, 42, NULL, NULL),
(831, 1, 42, NULL, NULL),
(832, 9, 42, NULL, NULL),
(833, 16, 42, NULL, NULL),
(834, 6, 42, NULL, NULL),
(835, 10, 42, NULL, NULL),
(836, 20, 42, NULL, NULL),
(837, 11, 42, NULL, NULL),
(838, 2, 42, NULL, NULL),
(839, 7, 42, NULL, NULL),
(840, 19, 42, NULL, NULL),
(841, 14, 43, NULL, NULL),
(842, 12, 43, NULL, NULL),
(843, 15, 43, NULL, NULL),
(844, 5, 43, NULL, NULL),
(845, 18, 43, NULL, NULL),
(846, 4, 43, NULL, NULL),
(847, 8, 43, NULL, NULL),
(848, 17, 43, NULL, NULL),
(849, 13, 43, NULL, NULL),
(850, 3, 43, NULL, NULL),
(851, 1, 43, NULL, NULL),
(852, 9, 43, NULL, NULL),
(853, 16, 43, NULL, NULL),
(854, 6, 43, NULL, NULL),
(855, 10, 43, NULL, NULL),
(856, 20, 43, NULL, NULL),
(857, 11, 43, NULL, NULL),
(858, 2, 43, NULL, NULL),
(859, 7, 43, NULL, NULL),
(860, 19, 43, NULL, NULL),
(861, 14, 44, NULL, NULL),
(862, 12, 44, NULL, NULL),
(863, 15, 44, NULL, NULL),
(864, 5, 44, NULL, NULL),
(865, 18, 44, NULL, NULL),
(866, 4, 44, NULL, NULL),
(867, 8, 44, NULL, NULL),
(868, 17, 44, NULL, NULL),
(869, 13, 44, NULL, NULL),
(870, 3, 44, NULL, NULL),
(871, 1, 44, NULL, NULL),
(872, 9, 44, NULL, NULL),
(873, 16, 44, NULL, NULL),
(874, 6, 44, NULL, NULL),
(875, 10, 44, NULL, NULL),
(876, 20, 44, NULL, NULL),
(877, 11, 44, NULL, NULL),
(878, 2, 44, NULL, NULL),
(879, 7, 44, NULL, NULL),
(880, 19, 44, NULL, NULL),
(881, 14, 45, NULL, NULL),
(882, 12, 45, NULL, NULL),
(883, 15, 45, NULL, NULL),
(884, 5, 45, NULL, NULL),
(885, 18, 45, NULL, NULL),
(886, 4, 45, NULL, NULL),
(887, 8, 45, NULL, NULL),
(888, 17, 45, NULL, NULL),
(889, 13, 45, NULL, NULL),
(890, 3, 45, NULL, NULL),
(891, 1, 45, NULL, NULL),
(892, 9, 45, NULL, NULL),
(893, 16, 45, NULL, NULL),
(894, 6, 45, NULL, NULL),
(895, 10, 45, NULL, NULL),
(896, 20, 45, NULL, NULL),
(897, 11, 45, NULL, NULL),
(898, 2, 45, NULL, NULL),
(899, 7, 45, NULL, NULL),
(900, 19, 45, NULL, NULL),
(901, 14, 46, NULL, NULL),
(902, 12, 46, NULL, NULL),
(903, 15, 46, NULL, NULL),
(904, 5, 46, NULL, NULL),
(905, 18, 46, NULL, NULL),
(906, 4, 46, NULL, NULL),
(907, 8, 46, NULL, NULL),
(908, 17, 46, NULL, NULL),
(909, 13, 46, NULL, NULL),
(910, 3, 46, NULL, NULL),
(911, 1, 46, NULL, NULL),
(912, 9, 46, NULL, NULL),
(913, 16, 46, NULL, NULL),
(914, 6, 46, NULL, NULL),
(915, 10, 46, NULL, NULL),
(916, 20, 46, NULL, NULL),
(917, 11, 46, NULL, NULL),
(918, 2, 46, NULL, NULL),
(919, 7, 46, NULL, NULL),
(920, 19, 46, NULL, NULL);

--
-- Indexes for dumped tables
--

--
-- Indexes for table `articles`
--
ALTER TABLE `articles`
  ADD PRIMARY KEY (`id`),
  ADD UNIQUE KEY `articles_slug_unique` (`slug`),
  ADD KEY `articles_user_id_foreign` (`user_id`);

--
-- Indexes for table `article_tag`
--
ALTER TABLE `article_tag`
  ADD PRIMARY KEY (`id`),
  ADD UNIQUE KEY `article_tag_article_id_tag_id_unique` (`article_id`,`tag_id`),
  ADD KEY `article_tag_tag_id_foreign` (`tag_id`);

--
-- Indexes for table `comments`
--
ALTER TABLE `comments`
  ADD PRIMARY KEY (`id`),
  ADD KEY `comments_user_id_foreign` (`user_id`),
  ADD KEY `comments_article_id_foreign` (`article_id`);

--
-- Indexes for table `migrations`
--
ALTER TABLE `migrations`
  ADD PRIMARY KEY (`version`);

--
-- Indexes for table `promo`
--
ALTER TABLE `promo`
  ADD PRIMARY KEY (`id`);

--
-- Indexes for table `tags`
--
ALTER TABLE `tags`
  ADD PRIMARY KEY (`id`),
  ADD UNIQUE KEY `tags_title_unique` (`title`);

--
-- Indexes for table `users`
--
ALTER TABLE `users`
  ADD PRIMARY KEY (`id`),
  ADD UNIQUE KEY `users_email_unique` (`email`),
  ADD UNIQUE KEY `users_username_unique` (`username`);

--
-- Indexes for table `users_following`
--
ALTER TABLE `users_following`
  ADD PRIMARY KEY (`id`),
  ADD UNIQUE KEY `users_following_user_id_following_user_id_unique` (`user_id`,`following_user_id`),
  ADD KEY `users_following_following_user_id_foreign` (`following_user_id`);

--
-- Indexes for table `user_favorite`
--
ALTER TABLE `user_favorite`
  ADD PRIMARY KEY (`id`),
  ADD UNIQUE KEY `user_favorite_user_id_article_id_unique` (`user_id`,`article_id`),
  ADD KEY `user_favorite_article_id_foreign` (`article_id`);

--
-- AUTO_INCREMENT for dumped tables
--

--
-- AUTO_INCREMENT for table `articles`
--
ALTER TABLE `articles`
  MODIFY `id` int(10) UNSIGNED NOT NULL AUTO_INCREMENT, AUTO_INCREMENT=47;
--
-- AUTO_INCREMENT for table `article_tag`
--
ALTER TABLE `article_tag`
  MODIFY `id` int(10) UNSIGNED NOT NULL AUTO_INCREMENT, AUTO_INCREMENT=369;
--
-- AUTO_INCREMENT for table `comments`
--
ALTER TABLE `comments`
  MODIFY `id` int(10) UNSIGNED NOT NULL AUTO_INCREMENT, AUTO_INCREMENT=116;
--
-- AUTO_INCREMENT for table `promo`
--
ALTER TABLE `promo`
  MODIFY `id` int(11) NOT NULL AUTO_INCREMENT, AUTO_INCREMENT=10;
--
-- AUTO_INCREMENT for table `tags`
--
ALTER TABLE `tags`
  MODIFY `id` int(10) UNSIGNED NOT NULL AUTO_INCREMENT, AUTO_INCREMENT=9;
--
-- AUTO_INCREMENT for table `users`
--
ALTER TABLE `users`
  MODIFY `id` int(10) UNSIGNED NOT NULL AUTO_INCREMENT, AUTO_INCREMENT=21;
--
-- AUTO_INCREMENT for table `users_following`
--
ALTER TABLE `users_following`
  MODIFY `id` int(10) UNSIGNED NOT NULL AUTO_INCREMENT, AUTO_INCREMENT=128;
--
-- AUTO_INCREMENT for table `user_favorite`
--
ALTER TABLE `user_favorite`
  MODIFY `id` int(10) UNSIGNED NOT NULL AUTO_INCREMENT, AUTO_INCREMENT=921;
--
-- Constraints for dumped tables
--

--
-- Constraints for table `articles`
--
ALTER TABLE `articles`
  ADD CONSTRAINT `articles_user_id_foreign` FOREIGN KEY (`user_id`) REFERENCES `users` (`id`);

--
-- Constraints for table `article_tag`
--
ALTER TABLE `article_tag`
  ADD CONSTRAINT `article_tag_article_id_foreign` FOREIGN KEY (`article_id`) REFERENCES `articles` (`id`) ON DELETE CASCADE,
  ADD CONSTRAINT `article_tag_tag_id_foreign` FOREIGN KEY (`tag_id`) REFERENCES `tags` (`id`) ON DELETE CASCADE;

--
-- Constraints for table `comments`
--
ALTER TABLE `comments`
  ADD CONSTRAINT `comments_article_id_foreign` FOREIGN KEY (`article_id`) REFERENCES `articles` (`id`) ON DELETE CASCADE,
  ADD CONSTRAINT `comments_user_id_foreign` FOREIGN KEY (`user_id`) REFERENCES `users` (`id`) ON DELETE CASCADE;

--
-- Constraints for table `users_following`
--
ALTER TABLE `users_following`
  ADD CONSTRAINT `users_following_following_user_id_foreign` FOREIGN KEY (`following_user_id`) REFERENCES `users` (`id`) ON DELETE CASCADE,
  ADD CONSTRAINT `users_following_user_id_foreign` FOREIGN KEY (`user_id`) REFERENCES `users` (`id`) ON DELETE CASCADE;

--
-- Constraints for table `user_favorite`
--
ALTER TABLE `user_favorite`
  ADD CONSTRAINT `user_favorite_article_id_foreign` FOREIGN KEY (`article_id`) REFERENCES `articles` (`id`) ON DELETE CASCADE,
  ADD CONSTRAINT `user_favorite_user_id_foreign` FOREIGN KEY (`user_id`) REFERENCES `users` (`id`) ON DELETE CASCADE;

/*!40101 SET CHARACTER_SET_CLIENT=@OLD_CHARACTER_SET_CLIENT */;
/*!40101 SET CHARACTER_SET_RESULTS=@OLD_CHARACTER_SET_RESULTS */;
/*!40101 SET COLLATION_CONNECTION=@OLD_COLLATION_CONNECTION */;
